ID,State,Constituency,Total Electors,Polled (%),Total Votes,Phase
1,ANDAMAN & NICOBAR ISLANDS,ANDAMAN & NICOBAR ISLANDS,315148,64.1,202018,1
2,ARUNACHAL PRADESH,ARUNACHAL EAST,375310,83.31,312658,1
3,ARUNACHAL PRADESH,ARUNACHAL WEST,517384,73.6,380783,1
4,ASSAM,DIBRUGARH,1659588,76.75,1273744,1
5,ASSAM,JORHAT,1727121,79.89,1379749,1
6,ASSAM,KAZIRANGA,2050126,79.33,1626408,1
7,ASSAM,LAKHIMPUR,1577234,76.42,1205331,1
8,ASSAM,SONITPUR,1633800,78.46,1281959,1
9,BIHAR,AURANGABAD,1871564,50.35,942382,1
10,BIHAR,GAYA,1816815,52.76,958623,1
11,BIHAR,JAMUI,1907126,51.25,977369,1
12,BIHAR,NAWADA,2006124,43.17,866102,1
13,CHHATTISGARH,BASTAR,1472207,68.29,1005392,1
14,JAMMU AND KASHMIR,UDHAMPUR,1623195,68.27,1108206,1
15,LAKSHADWEEP,LAKSHADWEEP,57784,84.16,48630,1
16,MADHYA PRADESH,BALAGHAT,1873653,73.45,1376207,1
17,MADHYA PRADESH,CHHINDWARA,1632190,79.83,1303001,1
18,MADHYA PRADESH,JABALPUR,1896346,61.0,1156722,1
19,MADHYA PRADESH,MANDLA,2101811,72.84,1530861,1
20,MADHYA PRADESH,SHAHDOL,1777185,64.68,1149506,1
21,MADHYA PRADESH,SIDHI,2028451,56.5,1146150,1
22,MAHARASHTRA,BHANDARA GONDIYA,1827188,67.04,1224928,1
23,MAHARASHTRA,CHANDRAPUR,1837906,67.55,1241574,1
24,MAHARASHTRA,GADCHIROLI - CHIMUR,1617207,71.88,1162476,1
25,MAHARASHTRA,NAGPUR,2223281,54.32,1207738,1
26,MAHARASHTRA,RAMTEK,2049085,61.01,1250190,1
27,MANIPUR,INNER MANIPUR,991574,80.15,794790,1
28,MANIPUR,OUTER MANIPUR,553078,68.83,380688,1
29,MEGHALAYA,SHILLONG,1400411,73.78,1033251,1
30,MEGHALAYA,TURA,826156,81.37,672284,1
31,MIZORAM,MIZORAM,856364,56.87,487013,1
32,NAGALAND,NAGALAND,1317536,57.72,760507,1
33,PUDUCHERRY,PUDUCHERRY,1023699,78.9,807724,1
34,RAJASTHAN,ALWAR,2059888,60.07,1237446,1
35,RAJASTHAN,BHARATPUR,2114916,52.8,1116742,1
36,RAJASTHAN,BIKANER,2048399,54.11,1108418,1
37,RAJASTHAN,CHURU,2213187,63.61,1407716,1
38,RAJASTHAN,DAUSA,1899304,55.72,1058386,1
39,RAJASTHAN,GANGANAGAR,2102002,66.59,1399688,1
40,RAJASTHAN,JAIPUR,2287350,63.38,1449612,1
41,RAJASTHAN,JAIPUR RURAL,2184978,56.7,1238818,1
42,RAJASTHAN,JHUNJHUNU,2068540,52.93,1094900,1
43,RAJASTHAN,KARAULI-DHOLPUR,1975352,49.59,979618,1
44,RAJASTHAN,NAGAUR,2146725,57.23,1228494,1
45,RAJASTHAN,SIKAR,2214900,57.53,1274270,1
46,SIKKIM,SIKKIM,464140,79.88,370765,1
47,TAMIL NADU,ARAKKONAM,1562871,74.19,1159441,1
48,TAMIL NADU,ARANI,1496118,75.76,1133520,1
49,TAMIL NADU,CHENNAI CENTRAL,1350161,53.96,728614,1
50,TAMIL NADU,CHENNAI NORTH,1496224,60.11,899367,1
51,TAMIL NADU,CHENNAI SOUTH,2023133,54.17,1096026,1
52,TAMIL NADU,CHIDAMBARAM,1519847,76.37,1160762,1
53,TAMIL NADU,COIMBATORE,2106124,64.89,1366597,1
54,TAMIL NADU,CUDDALORE,1412746,72.57,1025298,1
55,TAMIL NADU,DHARMAPURI,1524896,81.2,1238184,1
56,TAMIL NADU,DINDIGUL,1607051,71.14,1143196,1
57,TAMIL NADU,ERODE,1538778,70.59,1086287,1
58,TAMIL NADU,KALLAKURICHI,1568681,79.21,1242597,1
59,TAMIL NADU,KANCHEEPURAM,1748866,71.68,1253582,1
60,TAMIL NADU,KANNIYAKUMARI,1557915,65.44,1019532,1
61,TAMIL NADU,KARUR,1429790,78.7,1125241,1
62,TAMIL NADU,KRISHNAGIRI,1623179,71.5,1160498,1
63,TAMIL NADU,MADURAI,1582271,62.04,981650,1
64,TAMIL NADU,MAYILADUTHURAI,1545568,70.09,1083243,1
65,TAMIL NADU,NAGAPATTINAM,1345120,71.94,967694,1
66,TAMIL NADU,NAMAKKAL,1452562,78.21,1136069,1
67,TAMIL NADU,NILGIRIS,1428387,70.95,1013410,1
68,TAMIL NADU,PERAMBALUR,1446352,77.43,1119881,1
69,TAMIL NADU,POLLACHI,1597467,70.41,1124743,1
70,TAMIL NADU,RAMANATHAPURAM,1617688,68.19,1103036,1
71,TAMIL NADU,SALEM,1658681,78.16,1296481,1
72,TAMIL NADU,SIVAGANGA,1633857,64.26,1049887,1
73,TAMIL NADU,SRIPERUMBUDUR,2382119,60.25,1435243,1
74,TAMIL NADU,TENKASI,1525439,67.65,1031961,1
75,TAMIL NADU,THANJAVUR,1501226,68.27,1024949,1
76,TAMIL NADU,THENI,1622949,69.84,1133513,1
77,TAMIL NADU,THOOTHUKKUDI,1458430,66.88,975468,1
78,TAMIL NADU,TIRUCHIRAPPALLI,1553985,67.51,1049093,1
79,TAMIL NADU,TIRUNELVELI,1654503,64.1,1060461,1
80,TAMIL NADU,TIRUPPUR,1608521,70.62,1135998,1
81,TAMIL NADU,TIRUVALLUR,2085991,68.59,1430738,1
82,TAMIL NADU,TIRUVANNAMALAI,1533099,74.24,1138102,1
83,TAMIL NADU,VELLORE,1528273,73.53,1123715,1
84,TAMIL NADU,VILUPPURAM,1503115,76.52,1150164,1
85,TAMIL NADU,VIRUDHUNAGAR,1501942,70.22,1054634,1
86,TRIPURA,TRIPURA WEST,1463526,81.48,1192435,1
87,UTTAR PRADESH,BIJNOR,1738307,58.73,1020947,1
88,UTTAR PRADESH,KAIRANA,1722432,62.46,1075839,1
89,UTTAR PRADESH,MORADABAD,2059578,62.18,1280706,1
90,UTTAR PRADESH,MUZAFFARNAGAR,1817472,59.13,1074608,1
91,UTTAR PRADESH,NAGINA,1644909,60.75,999203,1
92,UTTAR PRADESH,PILIBHIT,1831699,63.11,1155917,1
93,UTTAR PRADESH,RAMPUR,1731836,55.85,967200,1
94,UTTAR PRADESH,SAHARANPUR,1855310,66.14,1227083,1
95,UTTARAKHAND,ALMORA,1339327,48.74,652726,1
96,UTTARAKHAND,GARHWAL,1369388,52.42,717834,1
97,UTTARAKHAND,HARIDWAR,2035726,63.53,1293362,1
98,UTTARAKHAND,NAINITAL-UDHAMSINGH NAGAR,2015809,62.47,1259180,1
99,UTTARAKHAND,TEHRI GARHWAL,1577664,53.76,848186,1
100,WEST BENGAL,ALIPURDUARS,1773252,79.76,1414258,1
101,WEST BENGAL,COOCHBEHAR,1966893,82.16,1616079,1
102,WEST BENGAL,JALPAIGURI,1885963,83.66,1577828,1
103,ASSAM,DARRANG-UDALGURI,2209314,82.01,1811764,2
104,ASSAM,DIPHU,901032,75.74,682441,2
105,ASSAM,KARIMGANJ,1412148,80.48,1136538,2
106,ASSAM,NAGAON,1817204,84.97,1544081,2
107,ASSAM,SILCHAR,1369578,79.05,1082616,2
108,BIHAR,BANKA,1856566,54.48,1011513,2
109,BIHAR,BHAGALPUR,1983031,53.5,1060982,2
110,BIHAR,KATIHAR,1833009,63.76,1168752,2
111,BIHAR,KISHANGANJ,1829994,62.84,1149988,2
112,BIHAR,PURNIA,1893698,63.08,1194484,2
113,CHHATTISGARH,KANKER,1654440,76.23,1261103,2
114,CHHATTISGARH,MAHASAMUND,1762477,75.02,1322125,2
115,CHHATTISGARH,RAJNANDGAON,1868021,77.42,1446247,2
116,JAMMU AND KASHMIR,JAMMU,1780835,72.22,1286144,2
117,KARNATAKA,BANGALORE CENTRAL,2433751,54.06,1315612,2
118,KARNATAKA,BANGALORE NORTH,3214496,54.45,1750372,2
119,KARNATAKA,BANGALORE RURAL,2802580,68.3,1914030,2
120,KARNATAKA,BANGALORE SOUTH,2341759,53.17,1245168,2
121,KARNATAKA,CHAMARAJANAGAR,1778310,76.82,1366015,2
122,KARNATAKA,CHIKKBALLAPUR,1981347,77.0,1525718,2
123,KARNATAKA,CHITRADURGA,1856876,73.3,1361031,2
124,KARNATAKA,DAKSHINA KANNADA,1817603,77.56,1409653,2
125,KARNATAKA,HASSAN,1736610,77.68,1348966,2
126,KARNATAKA,KOLAR,1726914,78.27,1351646,2
127,KARNATAKA,MANDYA,1779243,81.67,1453060,2
128,KARNATAKA,MYSORE,2092222,70.62,1477576,2
129,KARNATAKA,TUMKUR,1661309,78.05,1296720,2
130,KARNATAKA,UDUPI CHIKMAGALUR,1585162,77.15,1222888,2
131,KERALA,ALAPPUZHA,1400082,75.05,1050726,2
132,KERALA,ALATHUR,1337496,73.42,981945,2
133,KERALA,ATTINGAL,1396807,69.48,970517,2
134,KERALA,CHALAKUDY,1310529,71.94,942787,2
135,KERALA,ERNAKULAM,1324047,68.29,904131,2
136,KERALA,IDUKKI,1250157,66.55,831936,2
137,KERALA,KANNUR,1358368,77.21,1048839,2
138,KERALA,KASARAGOD,1452230,76.04,1104331,2
139,KERALA,KOLLAM,1326648,68.15,904047,2
140,KERALA,KOTTAYAM,1254823,65.61,823237,2
141,KERALA,KOZHIKODE,1429631,75.52,1079683,2
142,KERALA,MALAPPURAM,1479921,72.95,1079547,2
143,KERALA,MAVELIKKARA,1331880,65.95,878360,2
144,KERALA,PALAKKAD,1398143,73.57,1028627,2
145,KERALA,PATHANAMTHITTA,1429700,63.37,906051,2
146,KERALA,PONNANI,1470804,69.34,1019889,2
147,KERALA,THIRUVANANTHAPURAM,1430531,66.47,950829,2
148,KERALA,THRISSUR,1483055,72.9,1081125,2
149,KERALA,VADAKARA,1421883,78.41,1114950,2
150,KERALA,WAYANAD,1462423,73.57,1075921,2
151,MADHYA PRADESH,DAMOH,1925314,56.48,1087455,2
152,MADHYA PRADESH,HOSHANGABAD,1855692,67.21,1247298,2
153,MADHYA PRADESH,KHAJURAHO,1997483,56.97,1137867,2
154,MADHYA PRADESH,REWA,1852126,49.43,915444,2
155,MADHYA PRADESH,SATNA,1705260,61.94,1056175,2
156,MADHYA PRADESH,TIKAMGARH,1826585,60.0,1096023,2
157,MAHARASHTRA,AKOLA,1890814,61.79,1168366,2
158,MAHARASHTRA,AMRAVATI,1836078,63.67,1169121,2
159,MAHARASHTRA,BULDHANA,1782700,62.03,1105761,2
160,MAHARASHTRA,HINGOLI,1817734,63.54,1154958,2
161,MAHARASHTRA,NANDED,1851843,60.94,1128564,2
162,MAHARASHTRA,PARBHANI,2123056,62.26,1321868,2
163,MAHARASHTRA,WARDHA,1682771,64.85,1091351,2
164,MAHARASHTRA,YAVATMAL- WASHIM,1940916,62.87,1220189,2
165,MANIPUR,OUTER MANIPUR,484949,85.11,412737,2
166,RAJASTHAN,AJMER,1995699,59.66,1190561,2
167,RAJASTHAN,BANSWARA,2200438,73.88,1625731,2
168,RAJASTHAN,BARMER,2206237,75.93,1675276,2
169,RAJASTHAN,BHILWARA,2147159,60.37,1296228,2
170,RAJASTHAN,CHITTORGARH,2170167,68.61,1488898,2
171,RAJASTHAN,JALORE,2297328,62.89,1444866,2
172,RAJASTHAN,JHALAWAR-BARAN,2030525,69.71,1415420,2
173,RAJASTHAN,JODHPUR,2132713,64.27,1370616,2
174,RAJASTHAN,KOTA,2088023,71.26,1487879,2
175,RAJASTHAN,PALI,2343232,57.19,1339989,2
176,RAJASTHAN,RAJSAMAND,2060942,58.39,1203299,2
177,RAJASTHAN,TONK-SAWAI MADHOPUR,2148128,56.58,1215309,2
178,RAJASTHAN,UDAIPUR,2230971,66.66,1487268,2
179,TRIPURA,TRIPURA EAST,1396761,80.36,1122424,2
180,UTTAR PRADESH,ALIGARH,1997234,56.93,1137051,2
181,UTTAR PRADESH,AMROHA,1716641,64.58,1108579,2
182,UTTAR PRADESH,BAGHPAT,1653146,56.16,928392,2
183,UTTAR PRADESH,BULANDSHAHR,1859462,56.42,1049189,2
184,UTTAR PRADESH,GAUTAM BUDDHA NAGAR,2675148,53.63,1434667,2
185,UTTAR PRADESH,GHAZIABAD,2945487,49.88,1469260,2
186,UTTAR PRADESH,MATHURA,1929550,49.41,953388,2
187,UTTAR PRADESH,MEERUT,2000530,58.94,1179121,2
188,WEST BENGAL,BALURGHAT,1561966,79.09,1235347,2
189,WEST BENGAL,DARJEELING,1765744,74.76,1320072,2
190,WEST BENGAL,RAIGANJ,1790245,76.18,1363854,2
191,ASSAM,BARPETA,1966847,85.24,1676633,3
192,ASSAM,DHUBRI,2660827,92.08,2450041,3
193,ASSAM,GUWAHATI,2036846,78.39,1596664,3
194,ASSAM,KOKRAJHAR,1484571,83.55,1240306,3
195,BIHAR,ARARIA,2018767,61.93,1250261,3
196,BIHAR,JHANJHARPUR,2003040,54.48,1091258,3
197,BIHAR,KHAGARIA,1840217,57.52,1058539,3
198,BIHAR,MADHEPURA,2071166,58.29,1207368,3
199,BIHAR,SUPAUL,1927207,63.55,1224821,3
200,CHHATTISGARH,BILASPUR,2102687,64.77,1361871,3
201,CHHATTISGARH,DURG,2090414,73.68,1540193,3
202,CHHATTISGARH,JANJGIR-CHAMPA,2056047,67.56,1389012,3
203,CHHATTISGARH,KORBA,1618864,75.63,1224268,3
204,CHHATTISGARH,RAIGARH,1838547,78.85,1449673,3
205,CHHATTISGARH,RAIPUR,2375379,66.82,1587116,3
206,CHHATTISGARH,SURGUJA,1819347,79.89,1453444,3
207,"DADRA & NAGAR HAVELI AND
DAMAN & DIU","DADAR & NAGAR
HAVELI",283024,72.52,205248,3
208,"DADRA & NAGAR HAVELI AND
DAMAN & DIU",DAMAN & DIU,134189,68.77,92279,3
209,GOA,NORTH GOA,580577,77.69,451042,3
210,GOA,SOUTH GOA,598767,74.47,445916,3
211,GUJARAT,AHMEDABAD EAST,2038162,54.72,1115317,3
212,GUJARAT,AHMEDABAD WEST,1726987,55.45,957573,3
213,GUJARAT,AMRELI,1732810,50.29,871373,3
214,GUJARAT,ANAND,1780182,65.04,1157763,3
215,GUJARAT,BANASKANTHA,1961924,69.62,1365989,3
216,GUJARAT,BARDOLI,2048408,64.81,1327669,3
217,GUJARAT,BHARUCH,1723353,69.16,1191877,3
218,GUJARAT,BHAVNAGAR,1916900,53.92,1033629,3
219,GUJARAT,CHHOTA UDAIPUR,1821708,69.15,1259760,3
220,GUJARAT,DAHOD,1875136,59.31,1112211,3
221,GUJARAT,GANDHINAGAR,2182736,59.8,1305197,3
222,GUJARAT,JAMNAGAR,1817864,57.67,1048410,3
223,GUJARAT,JUNAGADH,1795110,58.91,1057462,3
224,GUJARAT,KACHCHH,1943136,56.14,1090878,3
225,GUJARAT,KHEDA,2007404,58.12,1166619,3
226,GUJARAT,MAHESANA,1770617,59.86,1059938,3
227,GUJARAT,NAVSARI,2223550,59.66,1326542,3
228,GUJARAT,PANCHMAHAL,1896743,58.85,1116171,3
229,GUJARAT,PATAN,2019916,58.56,1182950,3
230,GUJARAT,PORBANDAR,1768212,51.83,916519,3
231,GUJARAT,RAJKOT,2112273,59.69,1260768,3
232,GUJARAT,SABARKANTHA,1976349,63.56,1256210,3
233,GUJARAT,SURENDRANAGAR,2033419,55.09,1120128,3
234,GUJARAT,VADODARA,1949573,61.59,1200768,3
235,GUJARAT,VALSAD,1859974,72.71,1352413,3
236,KARNATAKA,BAGALKOT,1806183,72.66,1312319,3
237,KARNATAKA,BELGAUM,1923788,71.49,1375283,3
238,KARNATAKA,BELLARY,1884040,73.59,1386553,3
239,KARNATAKA,BIDAR,1892962,65.47,1239358,3
240,KARNATAKA,BIJAPUR,1946090,66.32,1290719,3
241,KARNATAKA,CHIKKODI,1761694,78.66,1385688,3
242,KARNATAKA,DAVANAGERE,1709244,76.99,1315916,3
243,KARNATAKA,DHARWAD,1831975,74.37,1362421,3
244,KARNATAKA,GULBARGA,2098202,62.25,1306119,3
245,KARNATAKA,HAVERI,1792774,77.6,1391214,3
246,KARNATAKA,KOPPAL,1866397,70.99,1324898,3
247,KARNATAKA,RAICHUR,2010103,64.66,1299806,3
248,KARNATAKA,SHIMOGA,1752885,78.33,1372949,3
249,KARNATAKA,UTTARA KANNADA,1641156,76.53,1256027,3
250,MADHYA PRADESH,BETUL,1895331,73.53,1393608,3
251,MADHYA PRADESH,BHIND,1900654,54.93,1044022,3
252,MADHYA PRADESH,BHOPAL,2339411,64.06,1498626,3
253,MADHYA PRADESH,GUNA,1889551,72.43,1368554,3
254,MADHYA PRADESH,GWALIOR,2154601,62.13,1338708,3
255,MADHYA PRADESH,MORENA,2006730,58.97,1183282,3
256,MADHYA PRADESH,RAJGARH,1875211,76.04,1425911,3
257,MADHYA PRADESH,SAGAR,1745690,65.75,1147866,3
258,MADHYA PRADESH,VIDISHA,1945404,74.48,1449010,3
259,MAHARASHTRA,BARAMATI,2372668,59.5,1411621,3
260,MAHARASHTRA,HATKANANGALE,1814277,71.11,1290073,3
261,MAHARASHTRA,KOLHAPUR,1936403,71.59,1386230,3
262,MAHARASHTRA,LATUR,1977042,62.59,1237355,3
263,MAHARASHTRA,MADHA,1991454,63.65,1267530,3
264,MAHARASHTRA,OSMANABAD,1992737,63.88,1272969,3
265,MAHARASHTRA,RAIGAD,1668372,60.51,1009567,3
266,MAHARASHTRA,RATNAGIRI-SINDHUDURG,1451630,62.52,907618,3
267,MAHARASHTRA,SANGLI,1868174,62.27,1163353,3
268,MAHARASHTRA,SATARA,1889740,63.16,1193492,3
269,MAHARASHTRA,SOLAPUR,2030119,59.19,1201586,3
270,UTTAR PRADESH,AGRA,2072685,54.08,1120864,3
271,UTTAR PRADESH,AONLA,1891713,57.44,1086687,3
272,UTTAR PRADESH,BADAUN,2008758,54.35,1091697,3
273,UTTAR PRADESH,BAREILLY,1924434,58.03,1116749,3
274,UTTAR PRADESH,ETAH,1700524,59.31,1008533,3
275,UTTAR PRADESH,FATEHPUR SIKRI,1798823,57.19,1028791,3
276,UTTAR PRADESH,FIROZABAD,1890772,58.53,1106747,3
277,UTTAR PRADESH,HATHRAS,1938080,55.71,1079731,3
278,UTTAR PRADESH,MAINPURI,1790797,58.73,1051758,3
279,UTTAR PRADESH,SAMBHAL,1898202,62.91,1194209,3
280,WEST BENGAL,JANGIPUR,1805360,75.72,1367014,3
281,WEST BENGAL,MALDAHA DAKSHIN,1782159,76.69,1366728,3
282,WEST BENGAL,MALDAHA UTTAR,1862035,76.03,1415718,3
283,WEST BENGAL,MURSHIDABAD,1888097,81.52,1539112,3
284,ANDHRA PRADESH,AMALAPURAM (SC),1531410,83.85,1284018,4
285,ANDHRA PRADESH,ANAKAPALLE,1596916,82.03,1309977,4
286,ANDHRA PRADESH,ANANTHAPUR,1767591,80.51,1423108,4
287,ANDHRA PRADESH,ARAKU (ST),1554633,73.68,1145426,4
288,ANDHRA PRADESH,BAPATLA (SC),1506354,85.48,1287704,4
289,ANDHRA PRADESH,CHITTOOR(SC),1640202,85.77,1406880,4
290,ANDHRA PRADESH,ELURU,1637430,83.68,1370153,4
291,ANDHRA PRADESH,GUNTUR,1791543,78.81,1411989,4
292,ANDHRA PRADESH,HINDUPUR,1656775,84.7,1403259,4
293,ANDHRA PRADESH,KADAPA,1639066,79.57,1304256,4
294,ANDHRA PRADESH,KAKINADA,1634122,80.3,1312255,4
295,ANDHRA PRADESH,KURNOOLU,1722857,76.8,1323071,4
296,ANDHRA PRADESH,MACHILIPATNAM,1539460,84.05,1293935,4
297,ANDHRA PRADESH,NANDYAL,1721013,80.61,1387367,4
298,ANDHRA PRADESH,NARSAPURAM,1472923,82.59,1216550,4
299,ANDHRA PRADESH,NARSARAOPET,1734858,85.65,1485909,4
300,ANDHRA PRADESH,NELLORE,1712274,79.05,1353563,4
301,ANDHRA PRADESH,ONGOLE,1607832,87.06,1399707,4
302,ANDHRA PRADESH,RAJAHMUNDRY,1623149,80.93,1313630,4
303,ANDHRA PRADESH,RAJAMPET,1665702,79.09,1317448,4
304,ANDHRA PRADESH,SRIKAKULAM,1631174,74.43,1214128,4
305,ANDHRA PRADESH,THIRUPATHI(SC),1729832,79.1,1368362,4
306,ANDHRA PRADESH,VIJAYAWADA,1704077,79.37,1352495,4
307,ANDHRA PRADESH,VISAKHAPATNAM,1927303,71.11,1370484,4
308,ANDHRA PRADESH,VIZIANAGARAM,1585206,81.05,1284886,4
309,BIHAR,BEGUSARAI,2196089,58.7,1289076,4
310,BIHAR,DARBHANGA,1781356,57.37,1021962,4
311,BIHAR,MUNGER,2042279,55.55,1134548,4
312,BIHAR,SAMASTIPUR,1818530,60.11,1093182,4
313,BIHAR,UJIARPUR,1745408,59.59,1040026,4
314,JAMMU AND KASHMIR,SRINAGAR,1747810,38.49,672653,4
315,JHARKHAND,KHUNTI,1326138,69.93,927422,4
316,JHARKHAND,LOHARDAGA,1441302,66.45,957690,4
317,JHARKHAND,PALAMAU,2243034,61.27,1374358,4
318,JHARKHAND,SINGHBHUM,1447562,69.32,1003482,4
319,MADHYA PRADESH,DEWAS,1940472,75.48,1464690,4
320,MADHYA PRADESH,DHAR,1953834,72.76,1421585,4
321,MADHYA PRADESH,INDORE,2526803,61.67,1558341,4
322,MADHYA PRADESH,KHANDWA,2112203,71.52,1510588,4
323,MADHYA PRADESH,KHARGONE,2046030,76.03,1555585,4
324,MADHYA PRADESH,MANDSOUR,1898060,75.27,1428623,4
325,MADHYA PRADESH,RATLAM,2094548,72.94,1527828,4
326,MADHYA PRADESH,UJJAIN,1798704,73.82,1327715,4
327,MAHARASHTRA,AHMEDNAGAR,1981866,66.61,1320168,4
328,MAHARASHTRA,AURANGABAD,2059710,63.03,1298227,4
329,MAHARASHTRA,BEED,2142547,70.92,1519526,4
330,MAHARASHTRA,JALGAON,1994046,58.47,1165968,4
331,MAHARASHTRA,JALNA,1967574,69.18,1361226,4
332,MAHARASHTRA,MAVAL,2585018,54.87,1418439,4
333,MAHARASHTRA,NANDURBAR,1970327,70.68,1392635,4
334,MAHARASHTRA,PUNE,2061276,53.54,1103678,4
335,MAHARASHTRA,RAVER,1821750,64.28,1170944,4
336,MAHARASHTRA,SHIRDI,1677335,63.03,1057298,4
337,MAHARASHTRA,SHIRUR,2539702,54.16,1375593,4
338,ODISHA,BERHAMPUR,1591380,65.41,1040924,4
339,ODISHA,KALAHANDI,1700780,77.9,1324936,4
340,ODISHA,KORAPUT,1480922,77.53,1148182,4
341,ODISHA,NABARANGPUR,1514140,82.16,1243957,4
342,TELANGANA,ADILABAD,1650175,74.03,1221553,4
343,TELANGANA,BHONGIR,1808585,76.78,1388680,4
344,TELANGANA,CHEVELLA,2938370,56.4,1657107,4
345,TELANGANA,HYDERABAD,2217094,48.48,1074827,4
346,TELANGANA,KARIMNAGAR,1797150,72.54,1303690,4
347,TELANGANA,KHAMMAM,1631039,76.09,1241135,4
348,TELANGANA,MAHABUBABAD,1532366,71.85,1101030,4
349,TELANGANA,MAHBUBNAGAR,1682470,72.43,1218587,4
350,TELANGANA,MALKAJGIRI,3779596,50.78,1919131,4
351,TELANGANA,MEDAK,1828210,75.09,1372894,4
352,TELANGANA,NAGARKURNOOL,1738254,69.46,1207470,4
353,TELANGANA,NALGONDA,1725465,74.02,1277137,4
354,TELANGANA,NIZAMABAD,1704867,71.92,1226133,4
355,TELANGANA,PEDDAPALLE,1596430,67.87,1083467,4
356,TELANGANA,SECUNDERABAD,2120401,49.04,1039834,4
357,TELANGANA,WARANGAL,1824466,68.86,1256301,4
358,TELANGANA,ZAHIRABAD,1641410,74.63,1225049,4
359,UTTAR PRADESH,AKBARPUR,1869167,57.78,1079978,4
360,UTTAR PRADESH,BAHARAICH,1838684,57.42,1055818,4
361,UTTAR PRADESH,DHAURAHRA,1719345,64.54,1109680,4
362,UTTAR PRADESH,ETAWAH,1828498,56.36,1030554,4
363,UTTAR PRADESH,FARRUKHABAD,1747182,59.08,1032244,4
364,UTTAR PRADESH,HARDOI,1910485,57.52,1098820,4
365,UTTAR PRADESH,KANNAUJ,1988925,61.08,1214886,4
366,UTTAR PRADESH,KANPUR,1662859,53.05,882074,4
367,UTTAR PRADESH,KHERI,1870170,64.68,1209621,4
368,UTTAR PRADESH,MISRIKH,1878195,55.89,1049630,4
369,UTTAR PRADESH,SHAHJAHANPUR,2331834,53.36,1244364,4
370,UTTAR PRADESH,SITAPUR,1759943,62.54,1100741,4
371,UTTAR PRADESH,UNNAO,2341740,55.46,1298677,4
372,WEST BENGAL,ASANSOL,1770281,73.27,1297096,4
373,WEST BENGAL,BAHARAMPUR,1783078,77.54,1382678,4
374,WEST BENGAL,BARDHAMAN PURBA,1801333,82.85,1492453,4
375,WEST BENGAL,BARDHAMAN-DURGAPUR,1851780,80.72,1494778,4
376,WEST BENGAL,BIRBHUM,1857022,81.91,1521023,4
377,WEST BENGAL,BOLPUR,1839234,82.66,1520401,4
378,WEST BENGAL,KRISHNANAGAR,1755631,80.65,1415859,4
379,WEST BENGAL,RANAGHAT,1871658,81.87,1532304,4
380,BIHAR,HAJIPUR,1967094,58.43,1149406,5
381,BIHAR,MADHUBANI,1934980,53.04,1026408,5
382,BIHAR,MUZAFFARPUR,1866106,59.47,1109688,5
383,BIHAR,SARAN,1795010,56.73,1018366,5
384,BIHAR,SITAMARHI,1947996,56.21,1094885,5
385,JAMMU AND KASHMIR,BARAMULLA,1737865,59.1,1027084,5
386,JHARKHAND,CHATRA,1689926,63.69,1076352,5
387,JHARKHAND,HAZARIBAGH,1939374,64.39,1248798,5
388,JHARKHAND,KODARMA,2205318,61.81,1363010,5
389,LADAKH,LADAKH,184808,71.82,132727,5
390,MAHARASHTRA,BHIWANDI,2087244,59.89,1250090,5
391,MAHARASHTRA,DHULE,2022061,60.21,1217523,5
392,MAHARASHTRA,DINDORI,1853387,66.75,1237180,5
393,MAHARASHTRA,KALYAN,2082221,50.12,1043610,5
394,MAHARASHTRA,MUMBAI NORTH,1811942,57.02,1033241,5
395,MAHARASHTRA,MUMBAI NORTH CENTRAL,1744128,51.98,906530,5
396,MAHARASHTRA,MUMBAI NORTH EAST,1636890,56.37,922760,5
397,MAHARASHTRA,MUMBAI NORTH WEST,1735088,54.84,951580,5
398,MAHARASHTRA,MUMBAI SOUTH,1536168,50.06,769010,5
399,MAHARASHTRA,MUMBAI SOUTH CENTRAL,1474405,53.6,790339,5
400,MAHARASHTRA,NASHIK,2030124,60.75,1233379,5
401,MAHARASHTRA,PALGHAR,2148514,63.91,1373162,5
402,MAHARASHTRA,THANE,2507372,52.09,1306194,5
403,ODISHA,ASKA,1620974,62.67,1015883,5
404,ODISHA,BARGARH,1631974,79.78,1302069,5
405,ODISHA,BOLANGIR,1801744,77.52,1396719,5
406,ODISHA,KANDHAMAL,1339090,74.16,993091,5
407,ODISHA,SUNDARGARH,1576105,73.02,1150875,5
408,UTTAR PRADESH,AMETHI,1796098,54.34,976053,5
409,UTTAR PRADESH,BANDA,1747425,59.7,1043256,5
410,UTTAR PRADESH,BARABANKI,1918491,67.2,1289258,5
411,UTTAR PRADESH,FAIZABAD,1927459,59.14,1139882,5
412,UTTAR PRADESH,FATEHPUR,1938563,57.09,1106690,5
413,UTTAR PRADESH,GONDA,1843121,51.62,951394,5
414,UTTAR PRADESH,HAMIRPUR,1839761,60.6,1114874,5
415,UTTAR PRADESH,JALAUN,2006161,56.18,1127112,5
416,UTTAR PRADESH,JHANSI,2161221,63.86,1380214,5
417,UTTAR PRADESH,KAISERGANJ,1904726,55.68,1060576,5
418,UTTAR PRADESH,KAUSHAMBI,1909620,52.8,1008255,5
419,UTTAR PRADESH,LUCKNOW,2172171,52.28,1135624,5
420,UTTAR PRADESH,MOHANLALGANJ,2187232,62.88,1375372,5
421,UTTAR PRADESH,RAE BARELI,1784314,58.12,1036997,5
422,WEST BENGAL,ARAMBAGH,1883266,82.62,1555882,5
423,WEST BENGAL,BANGAON,1836374,81.04,1488209,5
424,WEST BENGAL,BARRACKPUR,1508728,75.41,1137763,5
425,WEST BENGAL,HOOGHLY,1858067,81.38,1512060,5
426,WEST BENGAL,HOWRAH,1769184,71.73,1269079,5
427,WEST BENGAL,SRERAMPUR,1926645,76.44,1472793,5
428,WEST BENGAL,ULUBERIA,1741438,79.78,1389316,5
429,BIHAR,GOPALGANJ,2024673,52.32,1059298,6
430,BIHAR,MAHARAJGANJ,1934937,52.27,1011421,6
431,BIHAR,PASCHIM CHAMPARAN,1756078,61.62,1082178,6
432,BIHAR,PURVI CHAMPARAN,1790761,59.68,1068642,6
433,BIHAR,SHEOHAR,1832745,57.4,1052021,6
434,BIHAR,SIWAN,1896512,52.49,995416,6
435,BIHAR,VAISHALI,1869178,62.59,1170009,6
436,BIHAR,VALMIKI NAGAR,1827281,60.19,1099781,6
437,HARYANA,AMBALA,1996708,67.34,1344503,6
438,HARYANA,BHIWANIMAHENDRAGARH,1793029,65.39,1172526,6
439,HARYANA,FARIDABAD,2430212,60.52,1470649,6
440,HARYANA,GURGAON,2573411,62.03,1596240,6
441,HARYANA,HISAR,1790722,65.27,1168784,6
442,HARYANA,KARNAL,2104229,63.74,1341174,6
443,HARYANA,KURUKSHETRA,1794300,67.01,1202401,6
444,HARYANA,ROHTAK,1889844,65.68,1241201,6
445,HARYANA,SIRSA,1937689,69.77,1351932,6
446,HARYANA,SONIPAT,1766624,63.44,1120791,6
447,JAMMU AND KASHMIR,ANANTNAGRAJOURI,1836576,55.4,1017451,6
448,JHARKHAND,DHANBAD,2285237,62.06,1418264,6
449,JHARKHAND,GIRIDIH,1864660,67.23,1253553,6
450,JHARKHAND,JAMSHEDPUR,1869278,67.68,1265169,6
451,JHARKHAND,RANCHI,2197331,65.36,1436127,6
452,NCT OF DELHI,CHANDNI CHOWK,1645958,58.6,964503,6
453,NCT OF DELHI,EAST DELHI,2120584,59.51,1261988,6
454,NCT OF DELHI,NEW DELHI,1525071,55.43,845285,6
455,NCT OF DELHI,NORTH-EAST DELHI,2463159,62.89,1549202,6
456,NCT OF DELHI,NORTH-WEST DELHI,2567423,57.85,1485378,6
457,NCT OF DELHI,SOUTH DELHI,2291764,56.45,1293598,6
458,NCT OF DELHI,WEST DELHI,2587977,58.79,1521541,6
459,ODISHA,BHUBANESWAR,1672774,64.49,1078810,6
460,ODISHA,CUTTACK,1571622,71.2,1118918,6
461,ODISHA,DHENKANAL,1529785,78.01,1193460,6
462,ODISHA,KEONJHAR,1588179,78.97,1254163,6
463,ODISHA,PURI,1586465,75.43,1196684,6
464,ODISHA,SAMBALPUR,1499728,79.5,1192226,6
465,UTTAR PRADESH,ALLAHABAD,1825730,51.82,946076,6
466,UTTAR PRADESH,AMBEDKAR NAGAR,1911297,61.58,1176920,6
467,UTTAR PRADESH,AZAMGARH,1868165,56.16,1049205,6
468,UTTAR PRADESH,BASTI,1902898,56.67,1078313,6
469,UTTAR PRADESH,BHADOHI,2037925,53.07,1081465,6
470,UTTAR PRADESH,DOMARIYAGANJ,1961845,51.97,1019548,6
471,UTTAR PRADESH,JAUNPUR,1977237,55.59,1099223,6
472,UTTAR PRADESH,LALGANJ,1838882,54.38,1000053,6
473,UTTAR PRADESH,MACHHLISHAHR,1940605,54.49,1057361,6
474,UTTAR PRADESH,PHULPUR,2067043,48.91,1010909,6
475,UTTAR PRADESH,PRATAPGARH,1833312,51.45,943245,6
476,UTTAR PRADESH,SANT KABIR NAGAR,2071964,52.57,1089154,6
477,UTTAR PRADESH,SHRAWASTI,1980381,52.83,1046253,6
478,UTTAR PRADESH,SULTANPUR,1852590,55.63,1030583,6
479,WEST BENGAL,BANKURA,1780580,80.75,1437826,6
480,WEST BENGAL,BISHNUPUR,1754268,85.91,1507040,6
481,WEST BENGAL,GHATAL,1939945,82.17,1593990,6
482,WEST BENGAL,JHARGRAM,1779794,83.47,1485591,6
483,WEST BENGAL,KANTHI,1794537,84.77,1521159,6
484,WEST BENGAL,MEDINIPUR,1811243,81.56,1477309,6
485,WEST BENGAL,PURULIA,1823120,78.39,1429190,6
486,WEST BENGAL,TAMLUK,1850741,84.79,1569233,6
