Constituency,ConstituencyKey,Leading Candidate,Leading Party,Trailing Candidate,Trailing Party,Margin,Status
AJMER,13,BHAGIRATH CHOUDHARY,BHARATIYA JANATA PARTY,RAMCHANDRA CHOUDHARY,INDIAN NATIONAL CONGRESS,329991,Result Declared
ALWAR,8,BHUPENDER YADAV,BHARATIYA JANATA PARTY,LALIT YADAV,INDIAN NATIONAL CONGRESS,48282,Result Declared
AMBALA,1,VARUN CHAUDHRY,INDIAN NATIONAL CONGRESS,BANTO KATARIA,BHARATIYA JANATA PARTY,49036,Result Declared
ANANTNAG-RAJOURI,3,MIAN ALTAF AHMAD,JAMMU & KASHMIR NATIONAL CONFERENCE,MEHBOOBA MUFTI,JAMMU & KASHMIR PEOPLES DEMOCRATIC PARTY,281794,Result Declared
ARAKKONAM,7,S JAGATHRATCHAKAN,DRAVIDA MUNNETRA KAZHAGAM,L VIJAYAN,ALL INDIA ANNA DRAVIDA MUNNETRA KAZHAGAM,306559,Result Declared
ARANI,12,THARANIVENTHAN M S,DRAVIDA MUNNETRA KAZHAGAM,"GAJENDRAN, G.V.",ALL INDIA ANNA DRAVIDA MUNNETRA KAZHAGAM,208766,Result Declared
ADILABAD,1,GODAM NAGESH,BHARATIYA JANATA PARTY,ATHRAM SUGUNA,INDIAN NATIONAL CONGRESS,90652,Result Declared
AGRA,18,PROF S P SINGH BAGHEL,BHARATIYA JANATA PARTY,SURESH CHAND KARDAM,SAMAJWADI PARTY,271294,Result Declared
AHMEDABAD EAST,7,HASMUKHBHAI PATEL (H.S.PATEL),BHARATIYA JANATA PARTY,HIMMATSINH PRAHLADSINH PATEL,INDIAN NATIONAL CONGRESS,461755,Result Declared
AHMEDABAD WEST,8,DINESHBHAI MAKWANA (ADVOCATE),BHARATIYA JANATA PARTY,BHARAT YOGENDRA MAKWANA,INDIAN NATIONAL CONGRESS,286437,Result Declared
AHMEDNAGAR,37,NILESH DNYANDEV LANKE,NATIONALIST CONGRESS PARTY – SHARADCHANDRA PAWAR,DR. SUJAY RADHAKRISHNA VIKHEPATIL,BHARATIYA JANATA PARTY,28929,Result Declared
AKBARPUR,44,DEVENDRA SINGH ALIAS BHOLE SINGH,BHARATIYA JANATA PARTY,RAJARAM PAL,SAMAJWADI PARTY,44345,Result Declared
AKOLA,6,ANUP SANJAY DHOTRE,BHARATIYA JANATA PARTY,ABHAY KASHINATH PATIL,INDIAN NATIONAL CONGRESS,40626,Result Declared
ALAPPUZHA,15,K. C VENUGOPAL,INDIAN NATIONAL CONGRESS,A. M ARIFF,COMMUNIST PARTY OF INDIA (MARXIST),63513,Result Declared
ALATHUR,9,K.RADHAKRISHNAN,COMMUNIST PARTY OF INDIA (MARXIST),RAMYA HARIDAS,INDIAN NATIONAL CONGRESS,20111,Result Declared
ALIGARH,15,SATISH KUMAR GAUTAM,BHARATIYA JANATA PARTY,BIJENDRA SINGH,SAMAJWADI PARTY,15647,Result Declared
ALIPURDUARS,2,MANOJ TIGGA,BHARATIYA JANATA PARTY,PRAKASH CHIK BARAIK,ALL INDIA TRINAMOOL CONGRESS,75447,Result Declared
ALLAHABAD,52,UJJWAL RAMAN SINGH,INDIAN NATIONAL CONGRESS,NEERAJ TRIPATHI,BHARATIYA JANATA PARTY,58795,Result Declared
ALMORA,3,AJAY TAMTA,BHARATIYA JANATA PARTY,PRADEEP TAMTA,INDIAN NATIONAL CONGRESS,234097,Result Declared
AMALAPURAM (SC),7,G M HARISH (BALAYOGI),TELUGU DESAM,RAPAKA VARAPRASADA RAO,YUVAJANA SRAMIKA RYTHU CONGRESS PARTY,342196,Result Declared
AMBEDKAR NAGAR,55,LALJI VERMA,SAMAJWADI PARTY,RITESH PANDEY,BHARATIYA JANATA PARTY,137247,Result Declared
AMETHI,37,KISHORI LAL,INDIAN NATIONAL CONGRESS,SMRITI IRANI,BHARATIYA JANATA PARTY,167196,Result Declared
AMRAVATI,7,BALWANT BASWANT WANKHADE,INDIAN NATIONAL CONGRESS,NAVNEET RAVI RANA,BHARATIYA JANATA PARTY,19731,Result Declared
AMRELI,14,BHARATBHAI MANUBHAI SUTARIYA,BHARATIYA JANATA PARTY,JENNY THUMMAR,INDIAN NATIONAL CONGRESS,321068,Result Declared
AMRITSAR,2,GURJEET SINGH AUJLA,INDIAN NATIONAL CONGRESS,KULDEEP SINGH DHALIWAL,AAM AADMI PARTY,40301,Result Declared
AMROHA,9,KANWAR SINGH TANWAR,BHARATIYA JANATA PARTY,KUNWAR DANISH ALI,INDIAN NATIONAL CONGRESS,28670,Result Declared
ANAKAPALLE,5,C.M.RAMESH,BHARATIYA JANATA PARTY,BUDI MUTYALA NAIDU,YUVAJANA SRAMIKA RYTHU CONGRESS PARTY,296530,Result Declared
ANAND,16,MITESH PATEL (BAKABHAI),BHARATIYA JANATA PARTY,AMIT CHAVDA,INDIAN NATIONAL CONGRESS,89939,Result Declared
ANANDPUR SAHIB,6,MALVINDER SINGH KANG,AAM AADMI PARTY,VIJAY INDER SINGLA,INDIAN NATIONAL CONGRESS,10846,Result Declared
ANANTHAPUR,19,AMBICA G LAKSHMINARAYANA VALMIKI,TELUGU DESAM,MALAGUNDLA SANKAR NARAYANA,YUVAJANA SRAMIKA RYTHU CONGRESS PARTY,188555,Result Declared
ANDAMAN & NICOBAR ISLANDS,1,BISHNU PADA RAY,BHARATIYA JANATA PARTY,KULDEEP RAI SHARMA,INDIAN NATIONAL CONGRESS,24396,Result Declared
AONLA,24,NEERAJ MAURYA,SAMAJWADI PARTY,DHARMENDRA KASHYAP,BHARATIYA JANATA PARTY,15969,Result Declared
ARAKU (ST),1,GUMMA THANUJA RANI,YUVAJANA SRAMIKA RYTHU CONGRESS PARTY,KOTHAPALLI GEETHA,BHARATIYA JANATA PARTY,50580,Result Declared
ARAMBAGH,29,BAG MITALI,ALL INDIA TRINAMOOL CONGRESS,ARUP KANTI DIGAR,BHARATIYA JANATA PARTY,6399,Result Declared
ARARIA,9,PRADEEP KUMAR SINGH,BHARATIYA JANATA PARTY,SHAHNAWAZ,RASHTRIYA JANATA DAL,20094,Result Declared
ARRAH,32,SUDAMA PRASAD,COMMUNIST PARTY OF INDIA (MARXIST-LENINIST) (LIBERATION),R. K. SINGH,BHARATIYA JANATA PARTY,59808,Result Declared
ARUNACHAL EAST,2,TAPIR GAO,BHARATIYA JANATA PARTY,BOSIRAM SIRAM,INDIAN NATIONAL CONGRESS,30421,Result Declared
ARUNACHAL WEST,1,KIREN RIJIJU,BHARATIYA JANATA PARTY,NABAM TUKI,INDIAN NATIONAL CONGRESS,100738,Result Declared
ASANSOL,40,SHATRUGHAN PRASAD SINHA,ALL INDIA TRINAMOOL CONGRESS,SURENDRAJEET SINGH AHLUWALIA,BHARATIYA JANATA PARTY,59564,Result Declared
ASKA,19,ANITA SUBHADARSHINI,BHARATIYA JANATA PARTY,RANJITA SAHU,BIJU JANATA DAL,99974,Result Declared
ATTINGAL,19,ADV ADOOR PRAKASH,INDIAN NATIONAL CONGRESS,V JOY,COMMUNIST PARTY OF INDIA (MARXIST),684,Result Declared
AURANGABAD,19,BHUMARE SANDIPANRAO ASARAM,SHIV SENA,IMTIAZ JALEEL SYED,ALL INDIA MAJLIS-E-ITTEHADUL MUSLIMEEN,134650,Result Declared
AURANGABAD,37,ABHAY KUMAR SINHA,RASHTRIYA JANATA DAL,SUSHIL KUMAR SINGH,BHARATIYA JANATA PARTY,79111,Result Declared
AZAMGARH,69,DHARMENDRA YADAV,SAMAJWADI PARTY,DINESH LAL YADAV “NIRAHUA”,BHARATIYA JANATA PARTY,161035,Result Declared
BALAGHAT,15,BHARTI PARDHI,BHARATIYA JANATA PARTY,SAMRAT ASHOK SINGH SARASWAR,INDIAN NATIONAL CONGRESS,174512,Result Declared
BANSWARA,20,RAJ KUMAR ROAT,BHARAT ADIVASI PARTY,MAHENDRAJEETSINGH MALVIYA,BHARATIYA JANATA PARTY,247054,Result Declared
BARAMULLA,1,ABDUL RASHID SHEIKH,INDEPENDENT,OMAR ABDULLAH,JAMMU & KASHMIR NATIONAL CONFERENCE,204142,Result Declared
BARMER,17,UMMEDA RAM BENIWAL,INDIAN NATIONAL CONGRESS,RAVINDRA SINGH BHATI,INDEPENDENT,118176,Result Declared
BASTAR,10,MAHESH KASHYAP,BHARATIYA JANATA PARTY,KAWASI LAKHMA,INDIAN NATIONAL CONGRESS,55245,Result Declared
BETUL,29,DURGADAS (D. D.) UIKEY,BHARATIYA JANATA PARTY,RAMU TEKAM,INDIAN NATIONAL CONGRESS,379761,Result Declared
BHARATPUR,9,SANJNA JATAV,INDIAN NATIONAL CONGRESS,RAMSWAROOP KOLI,BHARATIYA JANATA PARTY,51983,Result Declared
BHILWARA,23,DAMODAR AGARWAL,BHARATIYA JANATA PARTY,C P JOSHI,INDIAN NATIONAL CONGRESS,354606,Result Declared
BHIND,2,SANDHYA RAY,BHARATIYA JANATA PARTY,PHOOL SINGH BARAIYA,INDIAN NATIONAL CONGRESS,64840,Result Declared
BHIWANI-MAHENDRAGARH,8,DHARAMBIR SINGH,BHARATIYA JANATA PARTY,RAO DAN SINGH,INDIAN NATIONAL CONGRESS,41510,Result Declared
BHOPAL,19,ALOK SHARMA,BHARATIYA JANATA PARTY,ADVOCATE ARUN SHRIVASTAVA,INDIAN NATIONAL CONGRESS,501499,Result Declared
BIKANER,2,ARJUN RAM MEGHWAL,BHARATIYA JANATA PARTY,GOVINDRAM MEGHWAL,INDIAN NATIONAL CONGRESS,55711,Result Declared
BILASPUR,5,TOKHAN SAHU,BHARATIYA JANATA PARTY,DEVENDRA YADAV,INDIAN NATIONAL CONGRESS,164558,Result Declared
BADAUN,23,ADITYA YADAV,SAMAJWADI PARTY,DURVIJAY SINGH SHAKYA,BHARATIYA JANATA PARTY,34991,Result Declared
BAGALKOT,3,GADDIGOUDAR. PARVATAGOUDA. CHANDANAGOUDA.,BHARATIYA JANATA PARTY,SAMYUKTA SHIVANAND PATIL,INDIAN NATIONAL CONGRESS,68399,Result Declared
BAGHPAT,11,DR RAJKUMAR SANGWAN,RASHTRIYA LOK DAL,AMARPAL,SAMAJWADI PARTY,159459,Result Declared
BAHARAICH,56,ANAND KUMAR,BHARATIYA JANATA PARTY,RAMESH CHANDRA,SAMAJWADI PARTY,64227,Result Declared
BAHARAMPUR,10,PATHAN YUSUF,ALL INDIA TRINAMOOL CONGRESS,ADHIR RANJAN CHOWDHURY,INDIAN NATIONAL CONGRESS,85022,Result Declared
BALASORE,6,PRATAP CHANDRA SARANGI,BHARATIYA JANATA PARTY,LEKHASRI SAMANTSINGHAR,BIJU JANATA DAL,147156,Result Declared
BALLIA,72,SANATAN PANDEY,SAMAJWADI PARTY,NEERAJ SHEKHAR,BHARATIYA JANATA PARTY,43384,Result Declared
BALURGHAT,6,SUKANTA MAJUMDAR,BHARATIYA JANATA PARTY,BIPLAB MITRA,ALL INDIA TRINAMOOL CONGRESS,10386,Result Declared
BANASKANTHA,2,GENIBEN NAGAJI THAKOR,INDIAN NATIONAL CONGRESS,DR. REKHABEN HITESHBHAI CHAUDHARI,BHARATIYA JANATA PARTY,30406,Result Declared
BANDA,48,KRISHNA DEVI SHIVSHANKER PATEL,SAMAJWADI PARTY,R. K. SINGH PATEL,BHARATIYA JANATA PARTY,71210,Result Declared
BANGALORE NORTH,24,SHOBHA KARANDLAJE,BHARATIYA JANATA PARTY,PROFESSOR M.V RAJEEV GOWDA,INDIAN NATIONAL CONGRESS,259476,Result Declared
BANGALORE RURAL,23,DR C N MANJUNATH,BHARATIYA JANATA PARTY,D K SURESH,INDIAN NATIONAL CONGRESS,269647,Result Declared
BANGALORE SOUTH,26,TEJASVI SURYA,BHARATIYA JANATA PARTY,SOWMYA REDDY,INDIAN NATIONAL CONGRESS,277083,Result Declared
BANGALORE CENTRAL,25,P C MOHAN,BHARATIYA JANATA PARTY,MANSOOR ALI KHAN,INDIAN NATIONAL CONGRESS,32707,Result Declared
BANGAON,14,SHANTANU THAKUR,BHARATIYA JANATA PARTY,BISWAJIT DAS S/O LATE BIJAY KRISHNA DAS,ALL INDIA TRINAMOOL CONGRESS,73693,Result Declared
BANKA,27,GIRIDHARI YADAV,JANATA DAL (UNITED),JAI PRAKASH NARAYAN YADAV,RASHTRIYA JANATA DAL,103844,Result Declared
BANKURA,36,ARUP CHAKRABORTY,ALL INDIA TRINAMOOL CONGRESS,DR. SUBHAS SARKAR,BHARATIYA JANATA PARTY,32778,Result Declared
BANSGAON,67,KAMLESH PASWAN,BHARATIYA JANATA PARTY,SADAL PRASAD,INDIAN NATIONAL CONGRESS,3150,Result Declared
BAPATLA (SC),15,KRISHNA PRASAD TENNETI,TELUGU DESAM,NANDIGAM SURESH BABU,YUVAJANA SRAMIKA RYTHU CONGRESS PARTY,208031,Result Declared
BARABANKI,53,TANUJ PUNIA,INDIAN NATIONAL CONGRESS,RAJRANI RAWAT,BHARATIYA JANATA PARTY,215704,Result Declared
BARAMATI,35,SUPRIYA SULE,NATIONALIST CONGRESS PARTY – SHARADCHANDRA PAWAR,SUNETRA AJITDADA PAWAR,NATIONALIST CONGRESS PARTY,158333,Result Declared
BARASAT,17,KAKOLI GHOSH DASTIDAR,ALL INDIA TRINAMOOL CONGRESS,SWAPAN MAJUMDER,BHARATIYA JANATA PARTY,114189,Result Declared
BARDHAMAN PURBA,38,DR. SHARMILA SARKAR,ALL INDIA TRINAMOOL CONGRESS,ASIM KUMAR SARKAR,BHARATIYA JANATA PARTY,160572,Result Declared
BARDHAMAN-DURGAPUR,39,AZAD KIRTI JHA,ALL INDIA TRINAMOOL CONGRESS,DILIP GHOSH,BHARATIYA JANATA PARTY,137981,Result Declared
BARDOLI,23,PARBHUBHAI NAGARBHAI VASAVA,BHARATIYA JANATA PARTY,CHAUDHARY SIDDHARTH AMARSINH,INDIAN NATIONAL CONGRESS,230253,Result Declared
BAREILLY,25,CHHATRA PAL SINGH GANGWAR,BHARATIYA JANATA PARTY,PRAVEEN SINGH ARON,SAMAJWADI PARTY,34804,Result Declared
BARGARH,1,PRADEEP PUROHIT,BHARATIYA JANATA PARTY,PARINITA MISHRA,BIJU JANATA DAL,251667,Result Declared
BARPETA,3,PHANI BHUSAN CHOUDHURY,ASOM GANA PARISHAD,DEEP BAYAN,INDIAN NATIONAL CONGRESS,222351,Result Declared
BARRACKPUR,15,PARTHA BHOWMICK,ALL INDIA TRINAMOOL CONGRESS,ARJUN SINGH,BHARATIYA JANATA PARTY,64438,Result Declared
BASIRHAT,18,SK NURUL ISLAM,ALL INDIA TRINAMOOL CONGRESS,REKHA PATRA,BHARATIYA JANATA PARTY,333547,Result Declared
BASTI,61,RAM PRASAD CHAUDHARY,SAMAJWADI PARTY,HARISH CHANDRA ALIAS HARISH DWIVEDI,BHARATIYA JANATA PARTY,100994,Result Declared
BATHINDA,11,HARSIMRAT KAUR BADAL,SHIROMANI AKALI DAL,GURMEET SINGH KHUDIAN,AAM AADMI PARTY,49656,Result Declared
BEED,39,BAJRANG MANOHAR SONWANE,NATIONALIST CONGRESS PARTY – SHARADCHANDRA PAWAR,PANKAJA GOPINATHRAO MUNDE,BHARATIYA JANATA PARTY,6553,Result Declared
BEGUSARAI,24,GIRIRAJ SINGH,BHARATIYA JANATA PARTY,ABDHESH KUMAR ROY,COMMUNIST PARTY OF INDIA,81480,Result Declared
BELGAUM,2,JAGADISH SHETTAR,BHARATIYA JANATA PARTY,MRINAL R HEBBALKAR,INDIAN NATIONAL CONGRESS,178437,Result Declared
BELLARY,9,E. TUKARAM,INDIAN NATIONAL CONGRESS,B. SREERAMULU,BHARATIYA JANATA PARTY,98992,Result Declared
BERHAMPUR,20,DR. PRADEEP KUMAR PANIGRAHY,BHARATIYA JANATA PARTY,BHRUGU BAXIPATRA,BIJU JANATA DAL,165476,Result Declared
BHADOHI,78,DR. VINOD KUMAR BIND,BHARATIYA JANATA PARTY,LALITESHPATI TRIPATHI,ALL INDIA TRINAMOOL CONGRESS,44072,Result Declared
BHADRAK,7,AVIMANYU SETHI,BHARATIYA JANATA PARTY,MANJULATA MANDAL,BIJU JANATA DAL,91544,Result Declared
BHAGALPUR,26,AJAY KUMAR MANDAL,JANATA DAL (UNITED),AJEET SHARMA,INDIAN NATIONAL CONGRESS,104868,Result Declared
BHANDARA GONDIYA,11,DR. PRASHANT YADAORAO PADOLE,INDIAN NATIONAL CONGRESS,SUNIL BABURAO MENDHE,BHARATIYA JANATA PARTY,37380,Result Declared
BHARUCH,22,MANSUKHBHAI DHANJIBHAI VASAVA,BHARATIYA JANATA PARTY,CHAITARBHAI DAMJIBHAI VASAVA,AAM AADMI PARTY,85696,Result Declared
BHAVNAGAR,15,NIMUBEN JAYANTIBHAI BAMBHANIYA (NIMUBEN BAMBHANIYA),BHARATIYA JANATA PARTY,UMESHBHAI NARANBHAI MAKWANA,AAM AADMI PARTY,455289,Result Declared
BHIWANDI,23,BALYA MAMA - SURESH GOPINATH MHATRE,NATIONALIST CONGRESS PARTY – SHARADCHANDRA PAWAR,KAPIL MORESHWAR PATIL,BHARATIYA JANATA PARTY,66121,Result Declared
BHONGIR,14,CHAMALA KIRAN KUMAR REDDY,INDIAN NATIONAL CONGRESS,DR. BOORA NARSAIAH GOUD,BHARATIYA JANATA PARTY,222170,Result Declared
BHUBANESWAR,18,APARAJITA SARANGI,BHARATIYA JANATA PARTY,MANMATH KUMAR ROUTRAY,BIJU JANATA DAL,35152,Result Declared
BIDAR,7,SAGAR ESHWAR KHANDRE,INDIAN NATIONAL CONGRESS,BHAGWANTH KHUBA,BHARATIYA JANATA PARTY,128875,Result Declared
BIJAPUR,4,RAMESH JIGAJINAGI,BHARATIYA JANATA PARTY,RAJU ALAGUR.,INDIAN NATIONAL CONGRESS,77229,Result Declared
BIJNOR,4,CHANDAN CHAUHAN,RASHTRIYA LOK DAL,DEEPAK,SAMAJWADI PARTY,37508,Result Declared
BIRBHUM,42,SATABDI ROY,ALL INDIA TRINAMOOL CONGRESS,DEBTANU BHATTACHARYA,BHARATIYA JANATA PARTY,197650,Result Declared
BISHNUPUR,37,KHAN SAUMITRA,BHARATIYA JANATA PARTY,SUJATA MONDAL,ALL INDIA TRINAMOOL CONGRESS,5567,Result Declared
BOLANGIR,10,SANGEETA KUMARI SINGH DEO,BHARATIYA JANATA PARTY,SURENDRA SINGH BHOI,BIJU JANATA DAL,132664,Result Declared
BOLPUR,41,ASIT KUMAR MAL,ALL INDIA TRINAMOOL CONGRESS,PIYA SAHA,BHARATIYA JANATA PARTY,327253,Result Declared
BULANDSHAHR,14,DR BHOLA SINGH,BHARATIYA JANATA PARTY,SHIVRAM,INDIAN NATIONAL CONGRESS,275134,Result Declared
BULDHANA,5,JADHAV PRATAPRAO GANPATRAO,SHIV SENA,NARENDRA DAGDU KHEDEKAR,SHIV SENA (UDDHAV BALASAHEB THACKREY),29479,Result Declared
BUXAR,33,SUDHAKAR SINGH,RASHTRIYA JANATA DAL,MITHILESH TIWARI,BHARATIYA JANATA PARTY,30091,Result Declared
CHENNAI CENTRAL,4,DAYANIDHI MARAN,DRAVIDA MUNNETRA KAZHAGAM,VINOJ,BHARATIYA JANATA PARTY,244689,Result Declared
CHENNAI NORTH,2,DR.KALANIDHI VEERASWAMY,DRAVIDA MUNNETRA KAZHAGAM,R. MANOHAR,ALL INDIA ANNA DRAVIDA MUNNETRA KAZHAGAM,339222,Result Declared
CHENNAI SOUTH,3,T.SUMATHY (ALIAS) THAMIZHACHI THANGAPANDIAN,DRAVIDA MUNNETRA KAZHAGAM,DR.TAMILISAI SOUNDARARAJAN,BHARATIYA JANATA PARTY,225945,Result Declared
CHHINDWARA,16,BUNTY VIVEK SAHU,BHARATIYA JANATA PARTY,NAKUL KAMALNATH,INDIAN NATIONAL CONGRESS,113618,Result Declared
CHIDAMBARAM,27,THIRUMAAVALAVAN THOL,VIDUTHALAI CHIRUTHAIGAL KATCH,CHANDRAHASAN M,ALL INDIA ANNA DRAVIDA MUNNETRA KAZHAGAM,103554,Result Declared
CHITTORGARH,21,CHANDRA PRAKASH JOSHI,BHARATIYA JANATA PARTY,ANJANA UDAILAL,INDIAN NATIONAL CONGRESS,389877,Result Declared
CHURU,3,RAHUL KASWAN,INDIAN NATIONAL CONGRESS,DEVENDRA JHAJHARIA,BHARATIYA JANATA PARTY,72737,Result Declared
COIMBATORE,20,GANAPATHY RAJKUMAR P,DRAVIDA MUNNETRA KAZHAGAM,ANNAMALAI K,BHARATIYA JANATA PARTY,118068,Result Declared
CUDDALORE,26,M.K. VISHNUPRASAD,INDIAN NATIONAL CONGRESS,P. SIVAKOZHUNDU,DESIYA MURPOKKU DRAVIDA KAZHAGAM,185896,Result Declared
CHALAKUDY,11,BENNY BEHANAN,INDIAN NATIONAL CONGRESS,PROF C RAVEENDRANATH,COMMUNIST PARTY OF INDIA (MARXIST),63754,Result Declared
CHAMARAJANAGAR,22,SUNIL BOSE,INDIAN NATIONAL CONGRESS,BALARAJ.S,BHARATIYA JANATA PARTY,188706,Result Declared
CHANDAULI,76,BIRENDRA SINGH,SAMAJWADI PARTY,DR. MAHENDRA NATH PANDEY,BHARATIYA JANATA PARTY,21565,Result Declared
CHANDIGARH,1,MANISH TEWARI,INDIAN NATIONAL CONGRESS,SANJAY TANDON,BHARATIYA JANATA PARTY,2504,Result Declared
CHANDNI CHOWK,1,PRAVEEN KHANDELWAL,BHARATIYA JANATA PARTY,JAI PRAKASH AGARWAL,INDIAN NATIONAL CONGRESS,89325,Result Declared
CHANDRAPUR,13,DHANORKAR PRATIBHA SURESH ALIAS BALUBHAU,INDIAN NATIONAL CONGRESS,MUNGANTIWAR SUDHIR SACCHIDANAND,BHARATIYA JANATA PARTY,260406,Result Declared
CHATRA,4,KALI CHARAN SINGH,BHARATIYA JANATA PARTY,KRISHNA NAND TRIPATHI,INDIAN NATIONAL CONGRESS,220959,Result Declared
CHEVELLA,10,KONDA VISHWESHWAR REDDY,BHARATIYA JANATA PARTY,DR GADDAM RANJITH REDDY,INDIAN NATIONAL CONGRESS,172897,Result Declared
CHHOTA UDAIPUR,21,JASHUBHAI BHILUBHAI RATHVA,BHARATIYA JANATA PARTY,SUKHRAMBHAI HARIYABHAI RATHWA,INDIAN NATIONAL CONGRESS,398777,Result Declared
CHIKKBALLAPUR,27,DR.K.SUDHAKAR,BHARATIYA JANATA PARTY,M.S. RAKSHA RAMAIAH,INDIAN NATIONAL CONGRESS,163460,Result Declared
CHIKKODI,1,PRIYANKA SATISH JARKIHOLI,INDIAN NATIONAL CONGRESS,ANNASAHEB SHANKAR JOLLE,BHARATIYA JANATA PARTY,90834,Result Declared
CHITRADURGA,18,GOVIND MAKTHAPPA KARJOL,BHARATIYA JANATA PARTY,B.N.CHANDRAPPA,INDIAN NATIONAL CONGRESS,48121,Result Declared
CHITTOOR(SC),25,DAGGUMALLA PRASADA RAO,TELUGU DESAM,REDDEPPA.N .,YUVAJANA SRAMIKA RYTHU CONGRESS PARTY,220479,Result Declared
COOCHBEHAR,1,JAGADISH CHANDRA BARMA BASUNIA,ALL INDIA TRINAMOOL CONGRESS,NISITH PRAMANIK,BHARATIYA JANATA PARTY,39250,Result Declared
CUTTACK,14,BHARTRUHARI MAHTAB,BHARATIYA JANATA PARTY,SANTRUPT MISRA,BIJU JANATA DAL,57077,Result Declared
DAMOH,7,RAHUL SINGH LODHI,BHARATIYA JANATA PARTY,TARBAR SINGH LODHI (BANTU BHAIYA),INDIAN NATIONAL CONGRESS,406426,Result Declared
DAUSA,11,MURARI LAL MEENA,INDIAN NATIONAL CONGRESS,KANHAIYA LAL MEENA,BHARATIYA JANATA PARTY,237340,Result Declared
DEWAS,21,MAHENDRA SINGH SOLANKY,BHARATIYA JANATA PARTY,RAJENDRA RADHAKISHAN MALVIYA,INDIAN NATIONAL CONGRESS,425225,Result Declared
DHAR,25,SAVITRI THAKUR,BHARATIYA JANATA PARTY,RADHESHYAM MUVEL,INDIAN NATIONAL CONGRESS,218665,Result Declared
DHARMAPURI,10,MANI. A.,DRAVIDA MUNNETRA KAZHAGAM,SOWMIYA ANBUMANI,PATTALI MAKKAL KATCH,21300,Result Declared
DINDIGUL,22,SACHITHANANTHAM R,COMMUNIST PARTY OF INDIA (MARXIST),MOHAMED MUBARAK M A,ALL INDIA ANNA DRAVIDA MUNNETRA KAZHAGAM,443821,Result Declared
DURG,7,VIJAY BAGHEL,BHARATIYA JANATA PARTY,RAJENDRA SAHU,INDIAN NATIONAL CONGRESS,438226,Result Declared
DADAR & NAGAR HAVELI,2,DELKAR KALABEN MOHANBHAI,BHARATIYA JANATA PARTY,AJIT RAMJIBHAI MAHALA,INDIAN NATIONAL CONGRESS,57584,Result Declared
DAHOD,19,JASWANTSINH SUMANBHAI BHABHOR,BHARATIYA JANATA PARTY,DR. PRABHABEN KISHORSINH TAVIYAD,INDIAN NATIONAL CONGRESS,333677,Result Declared
DAKSHINA KANNADA,17,CAPTAIN BRIJESH CHOWTA,BHARATIYA JANATA PARTY,PADMARAJ.R.POOJARY,INDIAN NATIONAL CONGRESS,149208,Result Declared
DAMAN & DIU,1,PATEL UMESHBHAI BABUBHAI,INDEPENDENT,LALUBHAI BABUBHAI PATEL,BHARATIYA JANATA PARTY,6225,Result Declared
DARBHANGA,14,GOPAL JEE THAKUR,BHARATIYA JANATA PARTY,LALIT KUMAR YADAV,RASHTRIYA JANATA DAL,178156,Result Declared
DARJEELING,4,RAJU BISTA,BHARATIYA JANATA PARTY,GOPAL LAMA,ALL INDIA TRINAMOOL CONGRESS,178525,Result Declared
DARRANG-UDALGURI,4,DILIP SAIKIA,BHARATIYA JANATA PARTY,MADHAB RAJBANGSHI,INDIAN NATIONAL CONGRESS,329012,Result Declared
DAVANAGERE,13,DR. PRABHA MALLIKARJUN,INDIAN NATIONAL CONGRESS,GAYITHRI SIDDESHWARA,BHARATIYA JANATA PARTY,26094,Result Declared
DEORIA,66,SHASHANK MANI,BHARATIYA JANATA PARTY,AKHILESH PRATAP SINGH,INDIAN NATIONAL CONGRESS,34842,Result Declared
DHANBAD,7,DULU MAHATO,BHARATIYA JANATA PARTY,ANUPAMA SINGH,INDIAN NATIONAL CONGRESS,331583,Result Declared
DHARWAD,11,PRALHAD JOSHI,BHARATIYA JANATA PARTY,VINOD ASOOTI,INDIAN NATIONAL CONGRESS,97324,Result Declared
DHAURAHRA,29,ANAND BHADAURIYA,SAMAJWADI PARTY,REKHA VERMA,BHARATIYA JANATA PARTY,4449,Result Declared
DHENKANAL,9,RUDRA NARAYAN PANY,BHARATIYA JANATA PARTY,ABINASH SAMAL,BIJU JANATA DAL,76567,Result Declared
DHUBRI,2,RAKIBUL HUSSAIN,INDIAN NATIONAL CONGRESS,MOHAMMED BADRUDDIN AJMAL,ALL INDIA UNITED DEMOCRATIC FRONT,1012476,Result Declared
DHULE,2,BACHHAV SHOBHA DINESH,INDIAN NATIONAL CONGRESS,BHAMRE SUBHASH RAMRAO,BHARATIYA JANATA PARTY,3831,Result Declared
DIAMOND HARBOUR,21,ABHISHEK BANERJEE,ALL INDIA TRINAMOOL CONGRESS,ABHIJIT DAS (BOBBY),BHARATIYA JANATA PARTY,710930,Result Declared
DIBRUGARH,13,SARBANANDA SONOWAL,BHARATIYA JANATA PARTY,LURINJYOTI GOGOI,ASSAM JATIYA PARISHAD,279321,Result Declared
DINDORI,20,BHASKAR MURLIDHAR BHAGARE,NATIONALIST CONGRESS PARTY – SHARADCHANDRA PAWAR,DR. BHARATI PRAVIN PAWAR,BHARATIYA JANATA PARTY,113199,Result Declared
DIPHU,6,AMARSING TISSO,BHARATIYA JANATA PARTY,J. I. KATHAR,INDEPENDENT,147603,Result Declared
DOMARIYAGANJ,60,JAGDAMBIKA PAL,BHARATIYA JANATA PARTY,BHISHMA SHANKAR ALIAS KUSHAL TIWARI,SAMAJWADI PARTY,42728,Result Declared
DUM DUM,16,SOUGATA RAY,ALL INDIA TRINAMOOL CONGRESS,SILBHADRA DATTA,BHARATIYA JANATA PARTY,70660,Result Declared
DUMKA,2,NALIN SOREN,JHARKHAND MUKTI MORCHA,SITA MURMU,BHARATIYA JANATA PARTY,22527,Result Declared
ERODE,17,K E PRAKASH,DRAVIDA MUNNETRA KAZHAGAM,ASHOK KUMAR,ALL INDIA ANNA DRAVIDA MUNNETRA KAZHAGAM,236566,Result Declared
EAST DELHI,3,HARSH MALHOTRA,BHARATIYA JANATA PARTY,KULDEEP KUMAR (MONU),AAM AADMI PARTY,93663,Result Declared
ELURU,10,PUTTA MAHESH KUMAR,TELUGU DESAM,KARUMURI SUNIL KUMAR,YUVAJANA SRAMIKA RYTHU CONGRESS PARTY,181857,Result Declared
ERNAKULAM,12,HIBI EDEN,INDIAN NATIONAL CONGRESS,K. J. SHINE TEACHER,COMMUNIST PARTY OF INDIA (MARXIST),250385,Result Declared
ETAH,22,DEVESH SHAKYA,SAMAJWADI PARTY,RAJVEER SINGH (RAJU BHAIYA),BHARATIYA JANATA PARTY,28052,Result Declared
ETAWAH,41,JITENDRA KUMAR DOHARE,SAMAJWADI PARTY,DR RAM SHANKAR KATHERIA,BHARATIYA JANATA PARTY,58419,Result Declared
FARIDABAD,10,KRISHAN PAL,BHARATIYA JANATA PARTY,MAHENDER PRATAP SINGH,INDIAN NATIONAL CONGRESS,172914,Result Declared
FAIZABAD,54,AWADHESH PRASAD,SAMAJWADI PARTY,LALLU SINGH,BHARATIYA JANATA PARTY,54567,Result Declared
FARIDKOT,9,SARABJEET SINGH KHALSA,INDEPENDENT,KARAMJIT SINGH ANMOL,AAM AADMI PARTY,70053,Result Declared
FARRUKHABAD,40,MUKESH RAJPUT,BHARATIYA JANATA PARTY,DR. NAVAL KISHOR SHAKYA,SAMAJWADI PARTY,2678,Result Declared
FATEHGARH SAHIB,8,AMAR SINGH,INDIAN NATIONAL CONGRESS,GURPREET SINGH GP,AAM AADMI PARTY,34202,Result Declared
FATEHPUR,49,NARESH CHANDRA UTTAM PATEL,SAMAJWADI PARTY,NIRANJAN JYOTI,BHARATIYA JANATA PARTY,33199,Result Declared
FATEHPUR SIKRI,19,RAJKUMAR CHAHAR,BHARATIYA JANATA PARTY,RAMNATH SINGH SIKARWAR,INDIAN NATIONAL CONGRESS,43405,Result Declared
FIROZABAD,20,AKSHAYA YADAV,SAMAJWADI PARTY,VISHWADEEP SINGH,BHARATIYA JANATA PARTY,89312,Result Declared
FIROZPUR,10,SHER SINGH GHUBAYA,INDIAN NATIONAL CONGRESS,JAGDEEP SINGH KAKA BRAR,AAM AADMI PARTY,3242,Result Declared
GANGANAGAR,1,KULDEEP INDORA,INDIAN NATIONAL CONGRESS,PRIYANKA BALAN MEGHWAL,BHARATIYA JANATA PARTY,88153,Result Declared
GUNA,4,JYOTIRADITYA M. SCINDIA,BHARATIYA JANATA PARTY,YADVENDRA RAO DESHRAJ SINGH,INDIAN NATIONAL CONGRESS,540929,Result Declared
GURGAON,9,RAO INDERJIT SINGH,BHARATIYA JANATA PARTY,RAJ BABBAR,INDIAN NATIONAL CONGRESS,75079,Result Declared
GWALIOR,3,BHARAT SINGH KUSHWAH,BHARATIYA JANATA PARTY,PRAVEEN PATHAK,INDIAN NATIONAL CONGRESS,70210,Result Declared
GADCHIROLI - CHIMUR,12,DR. KIRSAN NAMDEO,INDIAN NATIONAL CONGRESS,ASHOK MAHADEORAO NETE,BHARATIYA JANATA PARTY,141696,Result Declared
GANDHINAGAR,6,AMIT SHAH,BHARATIYA JANATA PARTY,SONAL RAMANBHAI PATEL,INDIAN NATIONAL CONGRESS,744716,Result Declared
GARHWAL,2,ANIL BALUNI,BHARATIYA JANATA PARTY,GANESH GODIYAL,INDIAN NATIONAL CONGRESS,163503,Result Declared
GAUTAM BUDDHA NAGAR,13,DR. MAHESH SHARMA,BHARATIYA JANATA PARTY,DR. MAHENDRA SINGH NAGAR,SAMAJWADI PARTY,559472,Result Declared
GAYA,38,JITAN RAM MANJHI,HINDUSTANI AWAM MORCHA (SECULAR),KUMAR SARVJEET,RASHTRIYA JANATA DAL,101812,Result Declared
GHATAL,32,ADHIKARI DEEPAK (DEV),ALL INDIA TRINAMOOL CONGRESS,DR. HIRANMOY CHATTOPADHYAYA,BHARATIYA JANATA PARTY,182868,Result Declared
GHAZIABAD,12,ATUL GARG,BHARATIYA JANATA PARTY,DOLLY SHARMA,INDIAN NATIONAL CONGRESS,336965,Result Declared
GHAZIPUR,75,AFZAL ANSARI,SAMAJWADI PARTY,PARS NATH RAI,BHARATIYA JANATA PARTY,124861,Result Declared
GHOSI,70,RAJEEV RAI,SAMAJWADI PARTY,DR. ARVIND RAJBHAR,SUHELDEV BHARATIYA SAMAJ PARTY,162943,Result Declared
GIRIDIH,6,CHANDRA PRAKASH CHOUDHARY,AJSU PARTY,MATHURA PRASAD MAHATO,JHARKHAND MUKTI MORCHA,80880,Result Declared
GODDA,3,NISHIKANT DUBEY,BHARATIYA JANATA PARTY,PRADEEP YADAV,INDIAN NATIONAL CONGRESS,101813,Result Declared
GONDA,59,KIRTIVARDHAN SINGH,BHARATIYA JANATA PARTY,SHREYA VERMA,SAMAJWADI PARTY,46224,Result Declared
GOPALGANJ,17,DR. ALOK KUMAR SUMAN,JANATA DAL (UNITED),PREM NATH CHANCHAL ALIAS CHANCHAL PASWAN,VIKASSHEEL INSAAN PARTY,127180,Result Declared
GORAKHPUR,64,RAVINDRA SHUKLA ALIAS RAVI KISHAN,BHARATIYA JANATA PARTY,KAJAL NISHAD,SAMAJWADI PARTY,103526,Result Declared
GULBARGA,5,RADHAKRISHNA,INDIAN NATIONAL CONGRESS,DR. UMESH G JADHAV,BHARATIYA JANATA PARTY,27205,Result Declared
GUNTUR,13,DR CHANDRA SEKHAR PEMMASANI,TELUGU DESAM,KILARI VENKATA ROSAIAH,YUVAJANA SRAMIKA RYTHU CONGRESS PARTY,344695,Result Declared
GURDASPUR,1,SUKHJINDER SINGH RANDHAWA,INDIAN NATIONAL CONGRESS,DINESH SINGH BABBU,BHARATIYA JANATA PARTY,82861,Result Declared
GUWAHATI,5,BIJULI KALITA MEDHI,BHARATIYA JANATA PARTY,MIRA BORTHAKUR GOSWAMI,INDIAN NATIONAL CONGRESS,251090,Result Declared
HAMIRPUR,3,ANURAG SINGH THAKUR,BHARATIYA JANATA PARTY,SATPAL RAIZADA,INDIAN NATIONAL CONGRESS,182357,Result Declared
HISAR,4,JAI PARKASH (J P) S/O HARIKESH,INDIAN NATIONAL CONGRESS,RANJIT SINGH,BHARATIYA JANATA PARTY,63381,Result Declared
HOSHANGABAD,17,DARSHAN SINGH CHOUDHARY,BHARATIYA JANATA PARTY,SANJAY SHARMA SANJU BHAIYA,INDIAN NATIONAL CONGRESS,431696,Result Declared
HAJIPUR,21,CHIRAG PASWAN,LOK JANSHAKTI PARTY(RAM VILAS),SHIV CHANDRA RAM,RASHTRIYA JANATA DAL,170105,Result Declared
HAMIRPUR,47,AJENDRA SINGH LODHI,SAMAJWADI PARTY,KUNWAR PUSHPENDRA SINGH CHANDEL,BHARATIYA JANATA PARTY,2629,Result Declared
HARDOI,31,JAI PRAKASH,BHARATIYA JANATA PARTY,USHA VERMA,SAMAJWADI PARTY,27856,Result Declared
HARIDWAR,5,TRIVENDRA SINGH RAWAT,BHARATIYA JANATA PARTY,VIRENDRA RAWAT,INDIAN NATIONAL CONGRESS,164056,Result Declared
HASSAN,16,SHREYAS. M. PATEL,INDIAN NATIONAL CONGRESS,PRAJWAL REVANNA,JANATA DAL (SECULAR),42649,Result Declared
HATHRAS,16,ANOOP PRADHAN BALMIKI,BHARATIYA JANATA PARTY,JASVEER VALMIKI,SAMAJWADI PARTY,247318,Result Declared
HATKANANGALE,48,DHAIRYASHEEL SAMBHAJIRAO MANE,SHIV SENA,SATYAJEET BABASAHEB PATIL (AABA) SARUDKAR,SHIV SENA (UDDHAV BALASAHEB THACKREY),13426,Result Declared
HAVERI,10,BASAVARAJ BOMMAI,BHARATIYA JANATA PARTY,ANANDSWAMY GADDADEVARMATH,INDIAN NATIONAL CONGRESS,43513,Result Declared
HAZARIBAGH,14,MANISH JAISWAL,BHARATIYA JANATA PARTY,JAI PRAKASH BHAI PATEL,INDIAN NATIONAL CONGRESS,276686,Result Declared
HINDUPUR,20,B K PARTHASARATHI,TELUGU DESAM,J SHANTHA,YUVAJANA SRAMIKA RYTHU CONGRESS PARTY,132427,Result Declared
HINGOLI,15,AASHTIKAR PATIL NAGESH BAPURAO,SHIV SENA (UDDHAV BALASAHEB THACKREY),BABURAO KADAM KOHALIKAR,SHIV SENA,108602,Result Declared
HOOGHLY,28,RACHNA BANERJEE,ALL INDIA TRINAMOOL CONGRESS,LOCKET CHATTERJEE,BHARATIYA JANATA PARTY,76853,Result Declared
HOSHIARPUR,5,DR. RAJ KUMAR CHABBEWAL,AAM AADMI PARTY,YAMINI GOMAR,INDIAN NATIONAL CONGRESS,44111,Result Declared
HOWRAH,25,PRASUN BANERJEE,ALL INDIA TRINAMOOL CONGRESS,DR RATHIN CHAKRAVARTY,BHARATIYA JANATA PARTY,169442,Result Declared
HYDERABAD,9,ASADUDDIN OWAISI,ALL INDIA MAJLIS-E-ITTEHADUL MUSLIMEEN,MADHAVI LATHA KOMPELLA,BHARATIYA JANATA PARTY,338087,Result Declared
INDORE,26,SHANKAR LALWANI,BHARATIYA JANATA PARTY,SANJAY S/O LAKSHMAN SOLANKI,BAHUJAN SAMAJ PARTY,1175092,Result Declared
IDUKKI,13,ADV. DEAN KURIAKOSE,INDIAN NATIONAL CONGRESS,ADV. JOICE GEORGE,COMMUNIST PARTY OF INDIA (MARXIST),133727,Result Declared
INNER MANIPUR,1,ANGOMCHA BIMOL AKOIJAM,INDIAN NATIONAL CONGRESS,THOUNAOJAM BASANTA KUMAR SINGH,BHARATIYA JANATA PARTY,109801,Result Declared
JABALPUR,13,ASHISH DUBEY,BHARATIYA JANATA PARTY,DINESH YADAV,INDIAN NATIONAL CONGRESS,486674,Result Declared
JAIPUR,7,MANJU SHARMA,BHARATIYA JANATA PARTY,PRATAP SINGH KHACHARIYAWAS,INDIAN NATIONAL CONGRESS,331767,Result Declared
JAIPUR RURAL,6,RAO RAJENDRA SINGH,BHARATIYA JANATA PARTY,ANIL CHOPRA,INDIAN NATIONAL CONGRESS,1615,Result Declared
JALORE,18,LUMBARAM,BHARATIYA JANATA PARTY,VAIBHAV GEHLOT,INDIAN NATIONAL CONGRESS,201543,Result Declared
JAMMU,5,JUGAL KISHORE,BHARATIYA JANATA PARTY,RAMAN BHALLA,INDIAN NATIONAL CONGRESS,135498,Result Declared
JANJGIR-CHAMPA,3,KAMLESH JANGDE,BHARATIYA JANATA PARTY,DR. SHIVKUMAR DAHARIYA,INDIAN NATIONAL CONGRESS,60000,Result Declared
JHALAWAR-BARAN,25,DUSHYANT SINGH,BHARATIYA JANATA PARTY,URMILA JAIN “BHAYA”,INDIAN NATIONAL CONGRESS,370989,Result Declared
JHUNJHUNU,4,BRIJENDRA SINGH OLA,INDIAN NATIONAL CONGRESS,SHUBHKARAN CHOUDHARY,BHARATIYA JANATA PARTY,18235,Result Declared
JODHPUR,16,GAJENDRA SINGH SHEKHAWAT,BHARATIYA JANATA PARTY,KARAN SINGH UCHIYARDA,INDIAN NATIONAL CONGRESS,115677,Result Declared
JADAVPUR,22,SAYANI GHOSH,ALL INDIA TRINAMOOL CONGRESS,DR. ANIRBAN GANGULY,BHARATIYA JANATA PARTY,258201,Result Declared
JAGATSINGHPUR,16,BIBHU PRASAD TARAI,BHARATIYA JANATA PARTY,DR. RAJASHREE MALLICK,BIJU JANATA DAL,40696,Result Declared
JAHANABAD,36,SURENDRA PRASAD YADAV,RASHTRIYA JANATA DAL,CHANDESHWAR PRASAD,JANATA DAL (UNITED),142591,Result Declared
JAJPUR,8,RABINDRA NARAYAN BEHERA,BHARATIYA JANATA PARTY,SARMISTHA SETHI,BIJU JANATA DAL,1587,Result Declared
JALANDHAR,4,CHARANJIT SINGH CHANNI,INDIAN NATIONAL CONGRESS,SUSHIL KUMAR RINKU,BHARATIYA JANATA PARTY,175993,Result Declared
JALAUN,45,NARAYAN DAS AHIRWAR,SAMAJWADI PARTY,BHANU PRATAP SINGH VERMA,BHARATIYA JANATA PARTY,53898,Result Declared
JALGAON,3,SMITA UDAY WAGH,BHARATIYA JANATA PARTY,KARAN BALASAHEB PATIL - PAWAR,SHIV SENA (UDDHAV BALASAHEB THACKREY),251594,Result Declared
JALNA,18,KALYAN VAIJINATHRAO KALE,INDIAN NATIONAL CONGRESS,DANVE RAOSAHEB DADARAO,BHARATIYA JANATA PARTY,109958,Result Declared
JALPAIGURI,3,DR JAYANTA KUMAR ROY,BHARATIYA JANATA PARTY,NIRMAL CHANDRA ROY,ALL INDIA TRINAMOOL CONGRESS,86693,Result Declared
JAMNAGAR,12,POONAMBEN HEMATBHAI MAADAM,BHARATIYA JANATA PARTY,ADVOCATE J. P. MARAVIYA,INDIAN NATIONAL CONGRESS,238008,Result Declared
JAMSHEDPUR,9,BIDYUT BARAN MAHATO,BHARATIYA JANATA PARTY,SAMIR KUMAR MOHANTY,JHARKHAND MUKTI MORCHA,259782,Result Declared
JAMUI,40,ARUN BHARTI,LOK JANSHAKTI PARTY(RAM VILAS),ARCHANA KUMARI,RASHTRIYA JANATA DAL,112482,Result Declared
JANGIPUR,9,KHALILUR RAHAMAN,ALL INDIA TRINAMOOL CONGRESS,MURTOJA HOSSAIN BOKUL,INDIAN NATIONAL CONGRESS,116637,Result Declared
JAUNPUR,73,BABU SINGH KUSHWAHA,SAMAJWADI PARTY,KRIPASHANKAR SINGH,BHARATIYA JANATA PARTY,99335,Result Declared
JHANJHARPUR,7,RAMPRIT MANDAL,JANATA DAL (UNITED),SUMAN KUMAR MAHASETH,VIKASSHEEL INSAAN PARTY,184169,Result Declared
JHANSI,46,ANURAG SHARMA,BHARATIYA JANATA PARTY,"PRADEEP JAIN ""ADITYA""",INDIAN NATIONAL CONGRESS,102614,Result Declared
JHARGRAM,33,KALIPADA SAREN (KHERWAL),ALL INDIA TRINAMOOL CONGRESS,DR. PRANAT TUDU,BHARATIYA JANATA PARTY,174048,Result Declared
JORHAT,14,GAURAV GOGOI,INDIAN NATIONAL CONGRESS,TOPON KUMAR GOGOI,BHARATIYA JANATA PARTY,144393,Result Declared
JOYNAGAR,19,PRATIMA MONDAL,ALL INDIA TRINAMOOL CONGRESS,ASHOK KANDARY,BHARATIYA JANATA PARTY,470219,Result Declared
JUNAGADH,13,CHUDASAMA RAJESHBHAI NARANBHAI,BHARATIYA JANATA PARTY,JOTVA HIRABHAI ARJANBHAI,INDIAN NATIONAL CONGRESS,135494,Result Declared
KALLAKURICHI,14,MALAIYARASAN D,DRAVIDA MUNNETRA KAZHAGAM,KUMARAGURU R,ALL INDIA ANNA DRAVIDA MUNNETRA KAZHAGAM,53784,Result Declared
KANCHEEPURAM,6,SELVAM. G,DRAVIDA MUNNETRA KAZHAGAM,RAJASEKAR. E,ALL INDIA ANNA DRAVIDA MUNNETRA KAZHAGAM,221473,Result Declared
KANGRA,1,DR RAJEEV BHARDWAJ,BHARATIYA JANATA PARTY,ANAND SHARMA,INDIAN NATIONAL CONGRESS,251895,Result Declared
KANKER,11,BHOJRAJ NAG,BHARATIYA JANATA PARTY,BIRESH THAKUR,INDIAN NATIONAL CONGRESS,1884,Result Declared
KANNIYAKUMARI,39,VIJAYAKUMAR (ALIAS) VIJAY VASANTH,INDIAN NATIONAL CONGRESS,RADHAKRISHNAN P,BHARATIYA JANATA PARTY,179907,Result Declared
KARAULI-DHOLPUR,10,BHAJAN LAL JATAV,INDIAN NATIONAL CONGRESS,INDU DEVI,BHARATIYA JANATA PARTY,98945,Result Declared
KARNAL,5,MANOHAR LAL,BHARATIYA JANATA PARTY,DIVYANSHU BUDHIRAJA,INDIAN NATIONAL CONGRESS,232577,Result Declared
KARUR,23,JOTHIMANI. S,INDIAN NATIONAL CONGRESS,THANGAVEL. L,ALL INDIA ANNA DRAVIDA MUNNETRA KAZHAGAM,166816,Result Declared
KHAJURAHO,8,VISHNU DATT SHARMA (V.D.SHARMA),BHARATIYA JANATA PARTY,KAMLESH KUMAR,BAHUJAN SAMAJ PARTY,541229,Result Declared
KHANDWA,28,GYANESHWAR PATIL,BHARATIYA JANATA PARTY,NARENDRA PATEL,INDIAN NATIONAL CONGRESS,269971,Result Declared
KHARGONE,27,GAJENDRA SINGH PATEL,BHARATIYA JANATA PARTY,PORLAL BATHA KHARTE,INDIAN NATIONAL CONGRESS,135018,Result Declared
KORBA,4,JYOTSNA CHARANDAS MAHANT,INDIAN NATIONAL CONGRESS,SAROJ PANDEY,BHARATIYA JANATA PARTY,43283,Result Declared
KOTA,24,OM BIRLA,BHARATIYA JANATA PARTY,PRAHLAD GUNJAL,INDIAN NATIONAL CONGRESS,41974,Result Declared
KRISHNAGIRI,9,GOPINATH K,INDIAN NATIONAL CONGRESS,JAYAPRAKASH V,ALL INDIA ANNA DRAVIDA MUNNETRA KAZHAGAM,192486,Result Declared
KURUKSHETRA,2,NAVEEN JINDAL,BHARATIYA JANATA PARTY,DR SUSHIL GUPTA,AAM AADMI PARTY,29021,Result Declared
KACHCHH,1,CHAVDA VINOD LAKHAMSHI,BHARATIYA JANATA PARTY,NITESH PARBATBHAI LALAN (MATANG),INDIAN NATIONAL CONGRESS,268782,Result Declared
KADAPA,21,Y. S. AVINASH REDDY,YUVAJANA SRAMIKA RYTHU CONGRESS PARTY,CHADIPIRALLA BHUPESH SUBBARAMI REDDY,TELUGU DESAM,62695,Result Declared
KAIRANA,2,IQRA CHOUDHARY,SAMAJWADI PARTY,PRADEEP KUMAR,BHARATIYA JANATA PARTY,69116,Result Declared
KAISERGANJ,57,KARAN BHUSHAN SINGH,BHARATIYA JANATA PARTY,BHAGAT RAM,SAMAJWADI PARTY,148843,Result Declared
KAKINADA,6,TANGELLA UDAY SRINIVAS (TEA TIME UDAY),JANASENA PARTY,CHALAMALASETTY SUNIL,YUVAJANA SRAMIKA RYTHU CONGRESS PARTY,229491,Result Declared
KALAHANDI,11,MALVIKA DEVI,BHARATIYA JANATA PARTY,LAMBODAR NIAL,BIJU JANATA DAL,133813,Result Declared
KALYAN,24,DR SHRIKANT EKNATH SHINDE,SHIV SENA,VAISHALI DAREKAR - RANE,SHIV SENA (UDDHAV BALASAHEB THACKREY),209144,Result Declared
KANDHAMAL,13,SUKANTA KUMAR PANIGRAHI,BHARATIYA JANATA PARTY,ACHYUTANANDA SAMANTA,BIJU JANATA DAL,21371,Result Declared
KANNAUJ,42,AKHILESH YADAV,SAMAJWADI PARTY,SUBRAT PATHAK,BHARATIYA JANATA PARTY,170922,Result Declared
KANNUR,2,K. SUDHAKARAN,INDIAN NATIONAL CONGRESS,M.V. JAYARAJAN,COMMUNIST PARTY OF INDIA (MARXIST),108982,Result Declared
KANPUR,43,RAMESH AWASTHI,BHARATIYA JANATA PARTY,ALOK MISRA,INDIAN NATIONAL CONGRESS,20968,Result Declared
KANTHI,31,ADHIKARI SOUMENDU,BHARATIYA JANATA PARTY,UTTAM BARIK SON OF LATE BIRENDRA BARIK,ALL INDIA TRINAMOOL CONGRESS,47764,Result Declared
KARAKAT,35,RAJA RAM SINGH,COMMUNIST PARTY OF INDIA (MARXIST-LENINIST) (LIBERATION),PAWAN SINGH,INDEPENDENT,105858,Result Declared
KARIMGANJ,7,KRIPANATH MALLAH,BHARATIYA JANATA PARTY,HAFIZ RASHID AHMED CHOUDHURY,INDIAN NATIONAL CONGRESS,18360,Result Declared
KARIMNAGAR,3,BANDI SANJAY KUMAR,BHARATIYA JANATA PARTY,VELCHALA RAJENDER RAO,INDIAN NATIONAL CONGRESS,225209,Result Declared
KASARAGOD,1,RAJMOHAN UNNITHAN,INDIAN NATIONAL CONGRESS,M.V BALAKRISHNAN MASTER,COMMUNIST PARTY OF INDIA (MARXIST),100649,Result Declared
KATIHAR,11,TARIQ ANWAR,INDIAN NATIONAL CONGRESS,DULAL CHANDRA GOSWAMI,JANATA DAL (UNITED),49863,Result Declared
KAUSHAMBI,50,PUSHPENDRA SAROJ,SAMAJWADI PARTY,VINOD KUMAR SONKAR,BHARATIYA JANATA PARTY,103944,Result Declared
KAZIRANGA,10,KAMAKHYA PRASAD TASA,BHARATIYA JANATA PARTY,ROSELINA TIRKEY,INDIAN NATIONAL CONGRESS,248947,Result Declared
KENDRAPARA,15,BAIJAYANT PANDA,BHARATIYA JANATA PARTY,ANSHUMAN MOHANTY,BIJU JANATA DAL,66536,Result Declared
KEONJHAR,4,ANANTA NAYAK,BHARATIYA JANATA PARTY,DHANURJAYA SIDU,BIJU JANATA DAL,97042,Result Declared
KHADOOR SAHIB,3,AMRITPAL SINGH,INDEPENDENT,KULBIR SINGH ZIRA,INDIAN NATIONAL CONGRESS,197120,Result Declared
KHAGARIA,25,RAJESH VERMA,LOK JANSHAKTI PARTY(RAM VILAS),SANJAY KUMAR,COMMUNIST PARTY OF INDIA (MARXIST),161131,Result Declared
KHAMMAM,17,RAMASAHAYAM RAGHURAM REDDY,INDIAN NATIONAL CONGRESS,NAMA NAGESWARA RAO,BHARAT RASHTRA SAMITH,467847,Result Declared
KHEDA,17,DEVUSINH CHAUHAN,BHARATIYA JANATA PARTY,KALUSINH DABHI,INDIAN NATIONAL CONGRESS,357758,Result Declared
KHERI,28,UTKARSH VERMA 'MADHUR',SAMAJWADI PARTY,AJAY KUMAR,BHARATIYA JANATA PARTY,34329,Result Declared
KHUNTI,11,KALI CHARAN MUNDA,INDIAN NATIONAL CONGRESS,ARJUN MUNDA,BHARATIYA JANATA PARTY,149675,Result Declared
KISHANGANJ,10,MOHAMMAD JAWED,INDIAN NATIONAL CONGRESS,MUJAHID ALAM,JANATA DAL (UNITED),59692,Result Declared
KODARMA,5,ANNPURNA DEVI,BHARATIYA JANATA PARTY,VINOD KUMAR SINGH,COMMUNIST PARTY OF INDIA (MARXIST-LENINIST) (LIBERATION),377014,Result Declared
KOKRAJHAR,1,JOYANTA BASUMATARY,"UNITED PEOPLE’S PARTY, LIBERAL",KAMPA BORGOYARI,BODOLAND PEOPLES FRONT,51583,Result Declared
KOLAR,28,M. MALLESH BABU,JANATA DAL (SECULAR),K V GOWTHAM,INDIAN NATIONAL CONGRESS,71388,Result Declared
KOLHAPUR,47,CHHATRAPATI SHAHU SHAHAJI,INDIAN NATIONAL CONGRESS,SANJAY SADASHIVRAO MANDLIK,SHIV SENA,154964,Result Declared
KOLKATA DAKSHIN,23,MALA ROY,ALL INDIA TRINAMOOL CONGRESS,DEBASREE CHAUDHURI,BHARATIYA JANATA PARTY,187231,Result Declared
KOLKATA UTTAR,24,BANDYOPADHYAY SUDIP,ALL INDIA TRINAMOOL CONGRESS,TAPAS ROY,BHARATIYA JANATA PARTY,92560,Result Declared
KOLLAM,18,N K PREMACHANDRAN,REVOLUTIONARY SOCIALIST PARTY,M MUKESH,COMMUNIST PARTY OF INDIA (MARXIST),150302,Result Declared
KOPPAL,8,K. RAJASHEKAR BASAVARAJ HITNAL,INDIAN NATIONAL CONGRESS,DR . BASAVARAJ. K. SHARANAPPA,BHARATIYA JANATA PARTY,46357,Result Declared
KORAPUT,21,SAPTAGIRI SANKAR ULAKA,INDIAN NATIONAL CONGRESS,KAUSALYA HIKAKA,BIJU JANATA DAL,147744,Result Declared
KOTTAYAM,14,ADV K FRANCIS GEORGE,KERALA CONGRESS,THOMAS CHAZHIKADAN,KERALA CONGRESS (M),87266,Result Declared
KOZHIKODE,5,M. K. RAGHAVAN,INDIAN NATIONAL CONGRESS,ELAMARAM KAREEM,COMMUNIST PARTY OF INDIA (MARXIST),146176,Result Declared
KRISHNANAGAR,12,MAHUA MOITRA,ALL INDIA TRINAMOOL CONGRESS,AMRITA ROY,BHARATIYA JANATA PARTY,56705,Result Declared
KURNOOLU,18,BASTIPATI NAGARAJU PANCHALINGALA,TELUGU DESAM,B Y RAMAIAH,YUVAJANA SRAMIKA RYTHU CONGRESS PARTY,111298,Result Declared
KUSHI NAGAR,65,VIJAY KUMAR DUBAY,BHARATIYA JANATA PARTY,AJAY PRATAP SINGH URF PINTU SAITHWAR,SAMAJWADI PARTY,81790,Result Declared
LADAKH,1,MOHMAD HANEEFA,INDEPENDENT,TSERING NAMGYAL,INDIAN NATIONAL CONGRESS,27862,Result Declared
LAKHIMPUR,12,PRADAN BARUAH,BHARATIYA JANATA PARTY,UDAY SHANKAR HAZARIKA,INDIAN NATIONAL CONGRESS,201257,Result Declared
LAKSHADWEEP,1,MUHAMMED HAMDULLAH SAYEED,INDIAN NATIONAL CONGRESS,MOHAMMED FAIZAL PP,NATIONALIST CONGRESS PARTY – SHARADCHANDRA PAWAR,2647,Result Declared
LALGANJ,68,DAROGA PRASAD SAROJ,SAMAJWADI PARTY,NEELAM SONKER,BHARATIYA JANATA PARTY,115023,Result Declared
LATUR,41,DR. KALGE SHIVAJI BANDAPPA,INDIAN NATIONAL CONGRESS,SUDHAKAR TUKARAM SHRANGARE,BHARATIYA JANATA PARTY,61881,Result Declared
LOHARDAGA,12,SUKHDEO BHAGAT,INDIAN NATIONAL CONGRESS,SAMIR ORAON,BHARATIYA JANATA PARTY,139138,Result Declared
LUCKNOW,35,RAJ NATH SINGH,BHARATIYA JANATA PARTY,RAVIDAS MEHROTRA,SAMAJWADI PARTY,135159,Result Declared
LUDHIANA,7,AMRINDER SINGH RAJA WARRING,INDIAN NATIONAL CONGRESS,RAVNEET SINGH BITTU,BHARATIYA JANATA PARTY,20942,Result Declared
MADURAI,32,VENKATESAN S,COMMUNIST PARTY OF INDIA (MARXIST),RAAMA SREENIVASAN,BHARATIYA JANATA PARTY,209409,Result Declared
MAHASAMUND,9,ROOP KUMARI CHOUDHARY,BHARATIYA JANATA PARTY,TAMRADHWAJ SAHU,INDIAN NATIONAL CONGRESS,145456,Result Declared
MANDI,2,KANGNA RANAUT,BHARATIYA JANATA PARTY,VIKRAMADITYA SINGH,INDIAN NATIONAL CONGRESS,74755,Result Declared
MANDLA,14,FAGGAN SINGH KULASTE,BHARATIYA JANATA PARTY,OMKAR SINGH MARKAM,INDIAN NATIONAL CONGRESS,103846,Result Declared
MANDSOUR,23,SUDHEER GUPTA,BHARATIYA JANATA PARTY,DILIP SINGH GURJAR,INDIAN NATIONAL CONGRESS,500655,Result Declared
MAYILADUTHURAI,28,SUDHA R,INDIAN NATIONAL CONGRESS,BABU P,ALL INDIA ANNA DRAVIDA MUNNETRA KAZHAGAM,271183,Result Declared
MIZORAM,1,RICHARD VANLALHMANGAIHA,ZORAM PEOPLE’S MOVEMENT,K VANLALVENA,MIZO NATIONAL FRONT,68288,Result Declared
MORENA,1,SHIVMANGAL SINGH TOMAR,BHARATIYA JANATA PARTY,NEETU SATYAPAL SINGH SIKARWAR,INDIAN NATIONAL CONGRESS,52530,Result Declared
MACHHLISHAHR,74,PRIYA SAROJ,SAMAJWADI PARTY,BHOLANATH (B.P. SAROJ),BHARATIYA JANATA PARTY,35850,Result Declared
MACHILIPATNAM,11,BALASHOWRY VALLABHANENI,JANASENA PARTY,SIMHADRI CHANDRA SEKHAR RAO,YUVAJANA SRAMIKA RYTHU CONGRESS PARTY,223179,Result Declared
MADHA,43,MOHITE-PATIL DHAIRYASHEEL RAJSINH,NATIONALIST CONGRESS PARTY – SHARADCHANDRA PAWAR,RANJEETSINGH HINDURAO NAIK NIMBALKAR,BHARATIYA JANATA PARTY,120837,Result Declared
MADHEPURA,13,DINESH CHANDRA YADAV,JANATA DAL (UNITED),DA KUMAR CHANDRADEEP,RASHTRIYA JANATA DAL,174534,Result Declared
MADHUBANI,6,ASHOK KUMAR YADAV,BHARATIYA JANATA PARTY,MD ALI ASHRAF FATMI,RASHTRIYA JANATA DAL,151945,Result Declared
MAHABUBABAD,16,BALRAM NAIK PORIKA,INDIAN NATIONAL CONGRESS,KAVITHA MALOTH,BHARAT RASHTRA SAMITH,349165,Result Declared
MAHARAJGANJ,63,PANKAJ CHAUDHARY,BHARATIYA JANATA PARTY,VIRENDRA CHAUDHARY,INDIAN NATIONAL CONGRESS,35451,Result Declared
MAHARAJGANJ,19,"JANARDAN SINGH ""SIGRIWAL""",BHARATIYA JANATA PARTY,AAKASH KUMAR SINGH,INDIAN NATIONAL CONGRESS,102651,Result Declared
MAHBUBNAGAR,11,ARUNA. D. K,BHARATIYA JANATA PARTY,CHALLA VAMSHI CHAND REDDY,INDIAN NATIONAL CONGRESS,4500,Result Declared
MAHESANA,4,HARIBHAI PATEL,BHARATIYA JANATA PARTY,RAMJI THAKOR,INDIAN NATIONAL CONGRESS,328046,Result Declared
MAINPURI,21,DIMPLE YADAV,SAMAJWADI PARTY,JAYVEER SINGH,BHARATIYA JANATA PARTY,221639,Result Declared
MALAPPURAM,6,E.T. MOHAMMED BASHEER,INDIAN UNION MUSLIM LEAGUE,V. VASEEF,COMMUNIST PARTY OF INDIA (MARXIST),300118,Result Declared
MALDAHA DAKSHIN,8,ISHA KHAN CHOUDHURY,INDIAN NATIONAL CONGRESS,SREERUPA MITRA CHAUDHURY (NIRBHAYA DIDI),BHARATIYA JANATA PARTY,128368,Result Declared
MALDAHA UTTAR,7,KHAGEN MURMU,BHARATIYA JANATA PARTY,PRASUN BANERJEE,ALL INDIA TRINAMOOL CONGRESS,77708,Result Declared
MALKAJGIRI,7,EATALA RAJENDER,BHARATIYA JANATA PARTY,PATNAM SUNEETHA MAHENDER REDDY,INDIAN NATIONAL CONGRESS,391475,Result Declared
MANDYA,20,H.D. KUMARASWAMY,JANATA DAL (SECULAR),VENKATARAMANE GOWDA (STAR CHANDRU),INDIAN NATIONAL CONGRESS,284620,Result Declared
MATHURA,17,HEMAMALINI DHARMENDRA DEOL,BHARATIYA JANATA PARTY,MUKESH DHANGAR,INDIAN NATIONAL CONGRESS,293407,Result Declared
MATHURAPUR,20,BAPI HALDAR,ALL INDIA TRINAMOOL CONGRESS,ASHOK PURKAIT,BHARATIYA JANATA PARTY,201057,Result Declared
MAVAL,33,SHRIRANG APPA CHANDU BARNE,SHIV SENA,SANJOG BHIKU WAGHERE PATIL,SHIV SENA (UDDHAV BALASAHEB THACKREY),96615,Result Declared
MAVELIKKARA,16,KODIKUNNIL SURESH,INDIAN NATIONAL CONGRESS,ADV ARUN KUMAR C A,COMMUNIST PARTY OF INDIA,10868,Result Declared
MAYURBHANJ,5,NABA CHARAN MAJHI,BHARATIYA JANATA PARTY,SUDAM MARNDI,BIJU JANATA DAL,219334,Result Declared
MEDAK,6,MADHAVANENI RAGHUNANDAN RAO,BHARATIYA JANATA PARTY,NEELAM MADHU,INDIAN NATIONAL CONGRESS,39139,Result Declared
MEDINIPUR,34,JUNE MALIAH,ALL INDIA TRINAMOOL CONGRESS,AGNIMITRA PAUL,BHARATIYA JANATA PARTY,27191,Result Declared
MEERUT,10,ARUN GOVIL,BHARATIYA JANATA PARTY,SUNITA VERMA,SAMAJWADI PARTY,10585,Result Declared
MIRZAPUR,79,ANUPRIYA PATEL,APNA DAL (SONEYLAL),RAMESH CHAND BIND,SAMAJWADI PARTY,37810,Result Declared
MISRIKH,32,ASHOK KUMAR RAWAT,BHARATIYA JANATA PARTY,SANGITA RAJVANSHI,SAMAJWADI PARTY,33406,Result Declared
MOHANLALGANJ,34,R.K. CHAUDHARY,SAMAJWADI PARTY,KAUSHAL KISHORE,BHARATIYA JANATA PARTY,70292,Result Declared
MORADABAD,6,RUCHI VIRA,SAMAJWADI PARTY,KUNWAR SARVESH KUMAR,BHARATIYA JANATA PARTY,105762,Result Declared
MUMBAI NORTH,26,PIYUSH GOYAL,BHARATIYA JANATA PARTY,BHUSHAN PATIL,INDIAN NATIONAL CONGRESS,357608,Result Declared
MUMBAI NORTH CENTRAL,29,GAIKWAD VARSHA EKNATH,INDIAN NATIONAL CONGRESS,ADV UJWAL NIKAM,BHARATIYA JANATA PARTY,16514,Result Declared
MUMBAI NORTH EAST,28,SANJAY DINA PATIL,SHIV SENA (UDDHAV BALASAHEB THACKREY),MIHIR CHANDRAKANT KOTECHA,BHARATIYA JANATA PARTY,29861,Result Declared
MUMBAI NORTH WEST,27,RAVINDRA DATTARAM WAIKAR,SHIV SENA,AMOL GAJANAN KIRTIKAR,SHIV SENA (UDDHAV BALASAHEB THACKREY),48,Result Declared
MUMBAI SOUTH,31,ARVIND GANPAT SAWANT,SHIV SENA (UDDHAV BALASAHEB THACKREY),YAMINI YASHWANT JADHAV,SHIV SENA,52673,Result Declared
MUMBAI SOUTH CENTRAL,30,ANIL YESHWANT DESAI,SHIV SENA (UDDHAV BALASAHEB THACKREY),RAHUL RAMESH SHEWALE,SHIV SENA,53384,Result Declared
MUNGER,28,RAJIV RANJAN SINGH ALIAS LALAN SINGH,JANATA DAL (UNITED),KUMARI ANITA,RASHTRIYA JANATA DAL,80870,Result Declared
MURSHIDABAD,11,ABU TAHER KHAN,ALL INDIA TRINAMOOL CONGRESS,MD SALIM,COMMUNIST PARTY OF INDIA (MARXIST),164215,Result Declared
MUZAFFARNAGAR,3,HARENDRA SINGH MALIK,SAMAJWADI PARTY,SANJEEV KUMAR BALYAN,BHARATIYA JANATA PARTY,24672,Result Declared
MUZAFFARPUR,15,RAJ BHUSHAN CHOUDHARY,BHARATIYA JANATA PARTY,AJAY NISHAD,INDIAN NATIONAL CONGRESS,234927,Result Declared
MYSORE,21,YADUVEER KRISHNADATTA CHAMARAJA WADIYAR,BHARATIYA JANATA PARTY,M. LAKSHMANA,INDIAN NATIONAL CONGRESS,139262,Result Declared
NAGAPATTINAM,29,SELVARAJ V,COMMUNIST PARTY OF INDIA,DR SURSITH SANKAR G,ALL INDIA ANNA DRAVIDA MUNNETRA KAZHAGAM,208957,Result Declared
NAGAUR,14,HANUMAN BENIWAL,RASHTRIYA LOKTANTRIK PARTY,JYOTI MIRDHA,BHARATIYA JANATA PARTY,42225,Result Declared
NAMAKKAL,16,MATHESWARAN V S,DRAVIDA MUNNETRA KAZHAGAM,TAMILMANI S,ALL INDIA ANNA DRAVIDA MUNNETRA KAZHAGAM,29112,Result Declared
NILGIRIS,19,RAJA A,DRAVIDA MUNNETRA KAZHAGAM,DR MURUGAN L,BHARATIYA JANATA PARTY,240585,Result Declared
NABARANGPUR,12,BALABHADRA MAJHI,BHARATIYA JANATA PARTY,PRADEEP KUMAR MAJHI,BIJU JANATA DAL,87536,Result Declared
NAGALAND,1,S SUPONGMEREN JAMIR,INDIAN NATIONAL CONGRESS,DR CHUMBEN MURRY,NATIONALIST DEMOCRATIC PROGRESSIVE PARTY,50984,Result Declared
NAGAON,9,PRADYUT BORDOLOI,INDIAN NATIONAL CONGRESS,SURESH BORAH,BHARATIYA JANATA PARTY,212231,Result Declared
NAGARKURNOOL,12,DR.MALLU RAVI,INDIAN NATIONAL CONGRESS,BHARATH PRASAD POTHUGANTI,BHARATIYA JANATA PARTY,94414,Result Declared
NAGINA,5,CHANDRASHEKHAR,AAZAD SAMAJ PARTY (KANSHI RAM),OM KUMAR,BHARATIYA JANATA PARTY,151473,Result Declared
NAGPUR,10,NITIN JAIRAM GADKARI,BHARATIYA JANATA PARTY,VIKAS THAKRE,INDIAN NATIONAL CONGRESS,137603,Result Declared
NAINITAL-UDHAMSINGH NAGAR,4,AJAY BHATT,BHARATIYA JANATA PARTY,PRAKASH JOSHI,INDIAN NATIONAL CONGRESS,334548,Result Declared
NALANDA,29,KAUSHALENDRA KUMAR,JANATA DAL (UNITED),DR. SANDEEP SAURAV,COMMUNIST PARTY OF INDIA (MARXIST-LENINIST) (LIBERATION),169114,Result Declared
NALGONDA,13,KUNDURU RAGHUVEER,INDIAN NATIONAL CONGRESS,SAIDI REDDY SHANAMPUDI,BHARATIYA JANATA PARTY,559905,Result Declared
NANDED,16,CHAVAN VASANTRAO BALWANTRAO,INDIAN NATIONAL CONGRESS,CHIKHALIKAR PRATAPRAO GOVINDRAO,BHARATIYA JANATA PARTY,59442,Result Declared
NANDURBAR,1,ADV GOWAAL KAGADA PADAVI,INDIAN NATIONAL CONGRESS,DR HEENA VIJAYKUMAR GAVIT,BHARATIYA JANATA PARTY,159120,Result Declared
NANDYAL,17,DR BYREDDY SHABARI,TELUGU DESAM,POCHA BRAHMANANDA REDDY,YUVAJANA SRAMIKA RYTHU CONGRESS PARTY,111975,Result Declared
NARSAPURAM,9,BHUPATHI RAJU SRINIVASA VARMA (B.J.P.VARMA),BHARATIYA JANATA PARTY,UMABALA GUDURI,YUVAJANA SRAMIKA RYTHU CONGRESS PARTY,276802,Result Declared
NARSARAOPET,14,LAVU SRIKRISHNA DEVARAYALU,TELUGU DESAM,ANIL KUMAR POLUBOINA,YUVAJANA SRAMIKA RYTHU CONGRESS PARTY,159729,Result Declared
NASHIK,21,RAJABHAU (PARAG) PRAKASH WAJE,SHIV SENA (UDDHAV BALASAHEB THACKREY),GODSE HEMANT TUKARAM,SHIV SENA,162001,Result Declared
NAVSARI,25,C R PATIL,BHARATIYA JANATA PARTY,NAISHADHBHAI BHUPATBHAI DESAI,INDIAN NATIONAL CONGRESS,773551,Result Declared
NAWADA,39,VIVEK THAKUR,BHARATIYA JANATA PARTY,SHRAWAN KUMAR,RASHTRIYA JANATA DAL,67670,Result Declared
NELLORE,22,PRABHAKAR REDDY VEMIREDDY,TELUGU DESAM,VENUMBAKA VIJAYASAI REDDY,YUVAJANA SRAMIKA RYTHU CONGRESS PARTY,245902,Result Declared
NEW DELHI,4,BANSURI SWARAJ,BHARATIYA JANATA PARTY,SOMNATH BHARTI,AAM AADMI PARTY,78370,Result Declared
NIZAMABAD,4,ARVIND DHARMAPURI,BHARATIYA JANATA PARTY,JEEVANREDDY THATIPARTHI,INDIAN NATIONAL CONGRESS,109241,Result Declared
NORTH GOA,1,SHRIPAD YESSO NAIK,BHARATIYA JANATA PARTY,RAMAKANT KHALAP,INDIAN NATIONAL CONGRESS,116015,Result Declared
NORTH-EAST DELHI,2,MANOJ TIWARI,BHARATIYA JANATA PARTY,KANHAIYA KUMAR,INDIAN NATIONAL CONGRESS,138778,Result Declared
NORTH-WEST DELHI,5,YOGENDER CHANDOLIYA,BHARATIYA JANATA PARTY,UDIT RAJ,INDIAN NATIONAL CONGRESS,290849,Result Declared
ONGOLE,16,MAGUNTA SREENIVASULU REDDY,TELUGU DESAM,DR CHEVIREDDY BHASKAR REDD,YUVAJANA SRAMIKA RYTHU CONGRESS PARTY,50199,Result Declared
OSMANABAD,40,OMPRAKASH BHUPALSINH ALIAS PAVAN RAJENIMBALKAR,SHIV SENA (UDDHAV BALASAHEB THACKREY),ARCHANA RANAJAGJITSINH PATIL,NATIONALIST CONGRESS PARTY,329846,Result Declared
OUTER MANIPUR,2,ALFRED KANNGAM S ARTHUR,INDIAN NATIONAL CONGRESS,KACHUI TIMOTHY ZIMIK,NAGA PEOPLES FRONT,85418,Result Declared
PALI,15,P. P. CHAUDHARY,BHARATIYA JANATA PARTY,SANGEETA BENIWAL,INDIAN NATIONAL CONGRESS,245351,Result Declared
PERAMBALUR,25,ARUN NEHRU,DRAVIDA MUNNETRA KAZHAGAM,CHANDRAMOHAN N D,ALL INDIA ANNA DRAVIDA MUNNETRA KAZHAGAM,389107,Result Declared
POLLACHI,21,ESWARASAMY K,DRAVIDA MUNNETRA KAZHAGAM,KARTHIKEYAN A,ALL INDIA ANNA DRAVIDA MUNNETRA KAZHAGAM,252042,Result Declared
PUDUCHERRY,1,VE VAITHILINGAM,INDIAN NATIONAL CONGRESS,A NAMASSIVAYAM,BHARATIYA JANATA PARTY,136516,Result Declared
PALAKKAD,8,V K SREEKANDAN,INDIAN NATIONAL CONGRESS,A VIJAYARAGHAVAN,COMMUNIST PARTY OF INDIA (MARXIST),75283,Result Declared
PALAMAU,13,VISHNU DAYAL RAM,BHARATIYA JANATA PARTY,MAMTA BHUIYAN,RASHTRIYA JANATA DAL,288807,Result Declared
PALGHAR,22,DR. HEMANT VISHNU SAVARA,BHARATIYA JANATA PARTY,BHARTI BHARAT KAMDI,SHIV SENA (UDDHAV BALASAHEB THACKREY),183306,Result Declared
PANCHMAHAL,18,RAJPALSINH MAHENDRASINH JADAV,BHARATIYA JANATA PARTY,GULABSINH SOMSINH CHAUHAN,INDIAN NATIONAL CONGRESS,509342,Result Declared
PARBHANI,17,JADHAV SANJAY ( BANDU ) HARIBHAU,SHIV SENA (UDDHAV BALASAHEB THACKREY),JANKAR MAHADEV JAGANNATH,RASHTRIYA SAMAJ PAKSHA,134061,Result Declared
PASCHIM CHAMPARAN,2,DR.SANJAY JAISWAL,BHARATIYA JANATA PARTY,MADAN MOHAN TIWARI,INDIAN NATIONAL CONGRESS,136568,Result Declared
PATAN,3,DABHI BHARATSINHJI SHANKARJI,BHARATIYA JANATA PARTY,CHANDANJI TALAJI THAKOR,INDIAN NATIONAL CONGRESS,31876,Result Declared
PATHANAMTHITTA,17,ANTO ANTONY,INDIAN NATIONAL CONGRESS,DR.T.M.THOMAS ISSAC,COMMUNIST PARTY OF INDIA (MARXIST),66119,Result Declared
PATIALA,13,DR DHARAMVIRA GANDHI,INDIAN NATIONAL CONGRESS,DR BALBIR SINGH,AAM AADMI PARTY,14831,Result Declared
PATLIPUTRA,31,MISHA BHARTI,RASHTRIYA JANATA DAL,RAM KRIPAL YADAV,BHARATIYA JANATA PARTY,85174,Result Declared
PATNA SAHIB,30,RAVI SHANKAR PRASAD,BHARATIYA JANATA PARTY,ANSHUL AVIJIT,INDIAN NATIONAL CONGRESS,153846,Result Declared
PEDDAPALLE,2,VAMSI KRISHNA GADDAM,INDIAN NATIONAL CONGRESS,SRINIVAS GOMASE,BHARATIYA JANATA PARTY,131364,Result Declared
PHULPUR,51,PRAVEEN PATEL,BHARATIYA JANATA PARTY,AMAR NATH SINGH MAURYA,SAMAJWADI PARTY,4332,Result Declared
PILIBHIT,26,JITIN PRASADA,BHARATIYA JANATA PARTY,BHAGWAT SARAN GANGWAR,SAMAJWADI PARTY,164935,Result Declared
PONNANI,7,DR. M.P ABDUSSAMAD SAMADANI,INDIAN UNION MUSLIM LEAGUE,K.S HAMZA,COMMUNIST PARTY OF INDIA (MARXIST),235760,Result Declared
PORBANDAR,11,DR. MANSUKH MANDAVIYA,BHARATIYA JANATA PARTY,LALIT VASOYA,INDIAN NATIONAL CONGRESS,383360,Result Declared
PRATAPGARH,39,SHIV PAL SINGH PATEL (DR. S P SINGH),SAMAJWADI PARTY,SANGAM LAL GUPTA,BHARATIYA JANATA PARTY,66206,Result Declared
PUNE,34,MURLIDHAR MOHOL,BHARATIYA JANATA PARTY,DHANGEKAR RAVINDRA HEMRAJ,INDIAN NATIONAL CONGRESS,123038,Result Declared
PURI,17,SAMBIT PATRA,BHARATIYA JANATA PARTY,ARUP MOHAN PATNAIK,BIJU JANATA DAL,104709,Result Declared
PURNIA,12,RAJESH RANJAN ALIAS PAPPU YADAV,INDEPENDENT,SANTOSH KUMAR,JANATA DAL (UNITED),23847,Result Declared
PURULIA,35,JYOTIRMAY SINGH MAHATO,BHARATIYA JANATA PARTY,SHANTIRAM MAHATO,ALL INDIA TRINAMOOL CONGRESS,17079,Result Declared
PURVI CHAMPARAN,3,RADHA MOHAN SINGH,BHARATIYA JANATA PARTY,DR RAJESH KUMAR,VIKASSHEEL INSAAN PARTY,88287,Result Declared
RAIGARH,2,RADHESHYAM RATHIYA,BHARATIYA JANATA PARTY,DR. MENKA DEVI SINGH,INDIAN NATIONAL CONGRESS,240391,Result Declared
RAIPUR,8,BRIJMOHAN AGRAWAL,BHARATIYA JANATA PARTY,VIKAS UPADHYAY,INDIAN NATIONAL CONGRESS,575285,Result Declared
RAJGARH,20,RODMAL NAGAR,BHARATIYA JANATA PARTY,DIGVIJAYA SINGH,INDIAN NATIONAL CONGRESS,146089,Result Declared
RAJNANDGAON,6,SANTOSH PANDEY,BHARATIYA JANATA PARTY,BHUPESH BAGHEL,INDIAN NATIONAL CONGRESS,44411,Result Declared
RAJSAMAND,22,MAHIMA KUMARI MEWAR,BHARATIYA JANATA PARTY,DR. DAMODAR GURJAR,INDIAN NATIONAL CONGRESS,392223,Result Declared
RAMANATHAPURAM,35,NAVASKANI K,INDIAN UNION MUSLIM LEAGUE,PANNEERSELVAM O S/O OTTAKARATHEVAR,INDEPENDENT,166782,Result Declared
RATLAM,24,ANITA NAGARSINGH CHOUHAN,BHARATIYA JANATA PARTY,KANTILAL BHURIA,INDIAN NATIONAL CONGRESS,207232,Result Declared
REWA,10,JANARDAN MISHRA,BHARATIYA JANATA PARTY,NEELAM ABHAY MISHRA,INDIAN NATIONAL CONGRESS,193374,Result Declared
ROHTAK,7,DEEPENDER SINGH HOODA,INDIAN NATIONAL CONGRESS,DR. ARVIND KUMAR SHARMA,BHARATIYA JANATA PARTY,345298,Result Declared
RAE BARELI,36,RAHUL GANDHI,INDIAN NATIONAL CONGRESS,DINESH PRATAP SINGH,BHARATIYA JANATA PARTY,390030,Result Declared
RAICHUR,6,G. KUMAR NAIK.,INDIAN NATIONAL CONGRESS,RAJA AMARESHWARA NAIK.,BHARATIYA JANATA PARTY,79781,Result Declared
RAIGAD,32,TATKARE SUNIL DATTATREY,NATIONALIST CONGRESS PARTY,ANANT GEETE,SHIV SENA (UDDHAV BALASAHEB THACKREY),82784,Result Declared
RAIGANJ,5,KARTICK CHANDRA PAUL,BHARATIYA JANATA PARTY,KALYANI KRISHNA,ALL INDIA TRINAMOOL CONGRESS,68197,Result Declared
RAJAHMUNDRY,8,DAGGUBATI PURANDHESHWARI,BHARATIYA JANATA PARTY,DR. GUDURI SRINIVAS,YUVAJANA SRAMIKA RYTHU CONGRESS PARTY,239139,Result Declared
RAJAMPET,24,P V MIDHUN REDDY,YUVAJANA SRAMIKA RYTHU CONGRESS PARTY,NALLARI KIRAN KUMAR REDDY,BHARATIYA JANATA PARTY,76071,Result Declared
RAJKOT,10,PARSHOTTAMBHAI RUPALA,BHARATIYA JANATA PARTY,DHANANI PARESH,INDIAN NATIONAL CONGRESS,484260,Result Declared
RAJMAHAL,1,VIJAY KUMAR HANSDAK,JHARKHAND MUKTI MORCHA,TALA MARANDI,BHARATIYA JANATA PARTY,178264,Result Declared
RAMPUR,7,MOHIBBULLAH,SAMAJWADI PARTY,GHANSHYAM SINGH LODHI,BHARATIYA JANATA PARTY,87434,Result Declared
RAMTEK,9,SHYAMKUMAR (BABALU) DAULAT BARVE,INDIAN NATIONAL CONGRESS,RAJU DEONATH PARVE,SHIV SENA,76768,Result Declared
RANAGHAT,13,JAGANNATH SARKAR,BHARATIYA JANATA PARTY,MUKUT MANI ADHIKARI,ALL INDIA TRINAMOOL CONGRESS,186899,Result Declared
RANCHI,8,SANJAY SETH,BHARATIYA JANATA PARTY,YASHASWINI SAHAY,INDIAN NATIONAL CONGRESS,120512,Result Declared
RATNAGIRI- SINDHUDURG,46,NARAYAN TATU RANE,BHARATIYA JANATA PARTY,VINAYAK BHAURAO RAUT,SHIV SENA (UDDHAV BALASAHEB THACKREY),47858,Result Declared
RAVER,4,KHADSE RAKSHA NIKHIL,BHARATIYA JANATA PARTY,SHRIRAM DAYARAM PATIL,NATIONALIST CONGRESS PARTY – SHARADCHANDRA PAWAR,272183,Result Declared
ROBERTSGANJ,80,CHHOTELAL,SAMAJWADI PARTY,RINKI SINGH,APNA DAL (SONEYLAL),129234,Result Declared
SAGAR,5,DR. LATA WANKHEDE,BHARATIYA JANATA PARTY,CHANDRA BHUSAN SINGH BUNDELA 'GUDDU RAJA',INDIAN NATIONAL CONGRESS,471222,Result Declared
SALEM,15,SELVAGANAPATHI T M,DRAVIDA MUNNETRA KAZHAGAM,VIGNESH P,ALL INDIA ANNA DRAVIDA MUNNETRA KAZHAGAM,70357,Result Declared
SATNA,9,GANESH SINGH,BHARATIYA JANATA PARTY,DABBU SIDDHARTH SUKHLAL KUSHWAHA,INDIAN NATIONAL CONGRESS,84949,Result Declared
SHAHDOL,12,SMT. HIMADRI SINGH,BHARATIYA JANATA PARTY,PHUNDE LAL SINGH MARKO,INDIAN NATIONAL CONGRESS,397340,Result Declared
SHIMLA,4,SURESH KUMAR KASHYAP,BHARATIYA JANATA PARTY,VINOD SULTANPURI,INDIAN NATIONAL CONGRESS,91451,Result Declared
SIDHI,11,DR. RAJESH MISHRA,BHARATIYA JANATA PARTY,KAMLESHWAR INDRAJIT KUMAR,INDIAN NATIONAL CONGRESS,206416,Result Declared
SIKAR,5,AMRARAM,COMMUNIST PARTY OF INDIA (MARXIST),SUMEDHANAND SARASWATI,BHARATIYA JANATA PARTY,72896,Result Declared
SIRSA,3,SELJA,INDIAN NATIONAL CONGRESS,ASHOK TANWAR,BHARATIYA JANATA PARTY,268497,Result Declared
SIVAGANGA,31,KARTI P CHIDAMBARAM,INDIAN NATIONAL CONGRESS,XAVIERDASS A,ALL INDIA ANNA DRAVIDA MUNNETRA KAZHAGAM,205664,Result Declared
SONIPAT,6,SATPAL BRAHAMCHARI,INDIAN NATIONAL CONGRESS,MOHAN LAL BADOLI,BHARATIYA JANATA PARTY,21816,Result Declared
SRINAGAR,2,AGA SYED RUHULLAH MEHDI,JAMMU & KASHMIR NATIONAL CONFERENCE,WAHEED UR REHMAN PARA,JAMMU & KASHMIR PEOPLES DEMOCRATIC PARTY,188416,Result Declared
SRIPERUMBUDUR,5,T R BAALU,DRAVIDA MUNNETRA KAZHAGAM,G PREMKUMAR,ALL INDIA ANNA DRAVIDA MUNNETRA KAZHAGAM,487029,Result Declared
SURGUJA,1,CHINTAMANI MAHARAJ,BHARATIYA JANATA PARTY,SHASHI SINGH KORAM,INDIAN NATIONAL CONGRESS,64822,Result Declared
SABARKANTHA,5,SHOBHANABEN MAHENDRASINH BARAIYA,BHARATIYA JANATA PARTY,CHAUDHARI TUSHAR AMARSINH,INDIAN NATIONAL CONGRESS,155682,Result Declared
SAHARANPUR,1,IMRAN MASOOD,INDIAN NATIONAL CONGRESS,RAGHAV LAKHANPAL,BHARATIYA JANATA PARTY,64542,Result Declared
SALEMPUR,71,RAMASHANKAR RAJBHAR,SAMAJWADI PARTY,RAVINDAR KUSHAWAHA,BHARATIYA JANATA PARTY,3573,Result Declared
SAMASTIPUR,23,SHAMBHAVI,LOK JANSHAKTI PARTY(RAM VILAS),SUNNY HAZARI,INDIAN NATIONAL CONGRESS,187251,Result Declared
SAMBALPUR,3,DHARMENDRA PRADHAN,BHARATIYA JANATA PARTY,PRANAB PRAKASH DAS,BIJU JANATA DAL,119836,Result Declared
SAMBHAL,8,ZIA UR REHMAN,SAMAJWADI PARTY,PARMESHWAR LAL SAINI,BHARATIYA JANATA PARTY,121494,Result Declared
SANGLI,44,VISHAL (DADA) PRAKASHBAPU PATIL,INDEPENDENT,SANJAY (KAKA) PATIL,BHARATIYA JANATA PARTY,100053,Result Declared
SANGRUR,12,GURMEET SINGH MEET HAYER,AAM AADMI PARTY,SUKHPAL SINGH KHAIRA,INDIAN NATIONAL CONGRESS,172560,Result Declared
SANT KABIR NAGAR,62,LAXMIKANT PAPPU NISHAD,SAMAJWADI PARTY,PRAVIN KUMAR NISHAD,BHARATIYA JANATA PARTY,92170,Result Declared
SARAN,20,RAJIV PRATAP RUDY,BHARATIYA JANATA PARTY,ROHINI ACHARYA,RASHTRIYA JANATA DAL,13661,Result Declared
SASARAM,34,MANOJ KUMAR,INDIAN NATIONAL CONGRESS,SHIVESH KUMAR,BHARATIYA JANATA PARTY,19157,Result Declared
SATARA,45,SHRIMANT CHH UDAYANRAJE PRATAPSINHAMAHARAJ BHONSLE,BHARATIYA JANATA PARTY,SHASHIKANT JAYVANTRAO SHINDE,NATIONALIST CONGRESS PARTY – SHARADCHANDRA PAWAR,32771,Result Declared
SECUNDERABAD,8,G. KISHAN REDDY,BHARATIYA JANATA PARTY,DANAM NAGENDER,INDIAN NATIONAL CONGRESS,49944,Result Declared
SHAHJAHANPUR,27,ARUN KUMAR SAGAR,BHARATIYA JANATA PARTY,JYOTSNA GOND,SAMAJWADI PARTY,55379,Result Declared
SHEOHAR,4,LOVELY ANAND,JANATA DAL (UNITED),RITU JAISWAL,RASHTRIYA JANATA DAL,29143,Result Declared
SHILLONG,1,DR. RICKY ANDREW J. SYNGKON,VOICE OF THE PEOPLE PARTY,VINCENT H. PALA,INDIAN NATIONAL CONGRESS,371910,Result Declared
SHIMOGA,14,B.Y.RAGHAVENDRA,BHARATIYA JANATA PARTY,GEETHA SHIVARAJKUMAR,INDIAN NATIONAL CONGRESS,243715,Result Declared
SHIRDI,38,BHAUSAHEB RAJARAM WAKCHAURE,SHIV SENA (UDDHAV BALASAHEB THACKREY),LOKHANDE SADASHIV KISAN,SHIV SENA,50529,Result Declared
SHIRUR,36,DR. AMOL RAMSING KOLHE,NATIONALIST CONGRESS PARTY – SHARADCHANDRA PAWAR,ADHALRAO SHIVAJI DATTATREY,NATIONALIST CONGRESS PARTY,140951,Result Declared
SHRAWASTI,58,RAM SHIROMANI VERMA,SAMAJWADI PARTY,SAKET MISRA,BHARATIYA JANATA PARTY,76673,Result Declared
SIKKIM,1,INDRA HANG SUBBA,SIKKIM KRANTIKARI MORCHA,BHARAT BASNETT,CITIZEN ACTION PARTY-SIKKIM,80830,Result Declared
SILCHAR,8,PARIMAL SUKLABAIDYA,BHARATIYA JANATA PARTY,SURYA KANTA SARKAR,INDIAN NATIONAL CONGRESS,264311,Result Declared
SINGHBHUM,10,JOBA MAJHI,JHARKHAND MUKTI MORCHA,GEETA KORA,BHARATIYA JANATA PARTY,168402,Result Declared
SITAMARHI,5,DEVESH CHANDRA THAKUR,JANATA DAL (UNITED),ARJUN RAY,RASHTRIYA JANATA DAL,51356,Result Declared
SITAPUR,30,RAKESH RATHOR,INDIAN NATIONAL CONGRESS,RAJESH VERMA,BHARATIYA JANATA PARTY,89641,Result Declared
SIWAN,18,VIJAYLAKSHMI DEVI,JANATA DAL (UNITED),HENA SHAHAB,INDEPENDENT,92857,Result Declared
SOLAPUR,42,PRANITI SUSHILKUMAR SHINDE,INDIAN NATIONAL CONGRESS,RAM VITTHAL SATPUTE,BHARATIYA JANATA PARTY,74197,Result Declared
SONITPUR,11,RANJIT DUTTA,BHARATIYA JANATA PARTY,PREMLAL GANJU,INDIAN NATIONAL CONGRESS,361408,Result Declared
SOUTH DELHI,7,RAMVIR SINGH BIDHURI,BHARATIYA JANATA PARTY,SAHI RAM,AAM AADMI PARTY,124333,Result Declared
SOUTH GOA,2,CAPTAIN VIRIATO FERNANDES,INDIAN NATIONAL CONGRESS,PALLAVI SHRINIVAS DEMPO,BHARATIYA JANATA PARTY,13535,Result Declared
SRERAMPUR,27,KALYAN BANERJEE,ALL INDIA TRINAMOOL CONGRESS,KABIR SHANKAR BOSE,BHARATIYA JANATA PARTY,174830,Result Declared
SRIKAKULAM,2,KINJARAPU RAMMOHAN NAIDU,TELUGU DESAM,TILAK PERADA,YUVAJANA SRAMIKA RYTHU CONGRESS PARTY,327901,Result Declared
SULTANPUR,38,RAMBHUAL NISHAD,SAMAJWADI PARTY,MANEKA SANJAY GANDHI,BHARATIYA JANATA PARTY,43174,Result Declared
SUNDARGARH,2,JUAL ORAM,BHARATIYA JANATA PARTY,DILIP KUMAR TIRKEY,BIJU JANATA DAL,138808,Result Declared
SUPAUL,8,DILESHWAR KAMAIT,JANATA DAL (UNITED),CHANDRAHAS CHAUPAL,RASHTRIYA JANATA DAL,169803,Result Declared
SURAT,24,MUKESHKUMAR CHANDRAKAANT DALAL,BHARATIYA JANATA PARTY,,,0,Uncontested
SURENDRANAGAR,9,CHANDUBHAI CHHAGANBHAI SHIHORA,BHARATIYA JANATA PARTY,RUTVIKBHAI LAVJIBHAI MAKWANA,INDIAN NATIONAL CONGRESS,261617,Result Declared
TENKASI,37,DR RANI SRI KUMAR,DRAVIDA MUNNETRA KAZHAGAM,DR K KRISHNASAMY,ALL INDIA ANNA DRAVIDA MUNNETRA KAZHAGAM,196199,Result Declared
THANJAVUR,30,MURASOLI S,DRAVIDA MUNNETRA KAZHAGAM,SIVANESAN P,DESIYA MURPOKKU DRAVIDA KAZHAGAM,319583,Result Declared
THENI,33,THANGA TAMILSELVAN,DRAVIDA MUNNETRA KAZHAGAM,TTV DHINAKARAN,AMMA MAKKAL MUNNETTRA KAZAGAM,278825,Result Declared
THOOTHUKKUDI,36,KANIMOZHI KARUNANIDHI,DRAVIDA MUNNETRA KAZHAGAM,SIVASAMY VELUMANI R,ALL INDIA ANNA DRAVIDA MUNNETRA KAZHAGAM,392738,Result Declared
TIKAMGARH,6,DR. VIRENDRA KUMAR,BHARATIYA JANATA PARTY,KHUMAN URF PANKAJ AHIRWAR,INDIAN NATIONAL CONGRESS,403312,Result Declared
TIRUCHIRAPPALLI,24,DURAI VAIKO,MARUMALARCHI DRAVIDA MUNNETRA KAZHAGAM,KARUPPAIAH. P,ALL INDIA ANNA DRAVIDA MUNNETRA KAZHAGAM,313094,Result Declared
TIRUNELVELI,38,ROBERT BRUCE C,INDIAN NATIONAL CONGRESS,NAINAR NAGENTHRAN,BHARATIYA JANATA PARTY,165620,Result Declared
TIRUPPUR,18,"SUBBARAYAN, K.",COMMUNIST PARTY OF INDIA,"ARUNACHALAM, P.",ALL INDIA ANNA DRAVIDA MUNNETRA KAZHAGAM,125928,Result Declared
TIRUVALLUR,1,SASIKANTH SENTHIL,INDIAN NATIONAL CONGRESS,"BALAGANAPATHY, V. PON",BHARATIYA JANATA PARTY,572155,Result Declared
TIRUVANNAMALAI,11,"ANNADURAI, C.N.",DRAVIDA MUNNETRA KAZHAGAM,KALIYAPERUMAL M,ALL INDIA ANNA DRAVIDA MUNNETRA KAZHAGAM,233931,Result Declared
TONK-SAWAI MADHOPUR,12,HARISH CHANDRA MEENA,INDIAN NATIONAL CONGRESS,SUKHBIR SINGH JAUNAPURIA,BHARATIYA JANATA PARTY,64949,Result Declared
TAMLUK,30,ABHIJIT GANGOPADHYAY,BHARATIYA JANATA PARTY,DEBANGSHU BHATTACHARYA,ALL INDIA TRINAMOOL CONGRESS,77733,Result Declared
TEHRI GARHWAL,1,MALA RAJYA LAKSHMI SHAH,BHARATIYA JANATA PARTY,JOT SINGH GUNSOLA,INDIAN NATIONAL CONGRESS,272493,Result Declared
THANE,25,NARESH GANPAT MHASKE,SHIV SENA,RAJAN BABURAO VICHARE,SHIV SENA (UDDHAV BALASAHEB THACKREY),217011,Result Declared
THIRUPATHI(SC),23,GURUMOORTHY MADDILA,YUVAJANA SRAMIKA RYTHU CONGRESS PARTY,VARA PRASAD RAO VELAGAPALLI,BHARATIYA JANATA PARTY,14569,Result Declared
THIRUVANANTHAPURAM,20,SHASHI THAROOR,INDIAN NATIONAL CONGRESS,RAJEEV CHANDRASEKHAR,BHARATIYA JANATA PARTY,16077,Result Declared
THRISSUR,10,SURESH GOPI,BHARATIYA JANATA PARTY,ADV V S SUNILKUMAR,COMMUNIST PARTY OF INDIA,74686,Result Declared
TRIPURA EAST,2,KRITI DEVI DEBBARMAN,BHARATIYA JANATA PARTY,RAJENDRA REANG,COMMUNIST PARTY OF INDIA (MARXIST),486819,Result Declared
TRIPURA WEST,1,BIPLAB KUMAR DEB,BHARATIYA JANATA PARTY,ASISH KUMAR SAHA,INDIAN NATIONAL CONGRESS,611578,Result Declared
TUMKUR,19,V. SOMANNA,BHARATIYA JANATA PARTY,S.P. MUDDAHANUMEGOWDA,INDIAN NATIONAL CONGRESS,175594,Result Declared
TURA,2,SALENG A SANGMA,INDIAN NATIONAL CONGRESS,AGATHA K SANGMA,NATIONAL PEOPLE'S PARTY,155241,Result Declared
UDAIPUR,19,MANNA LAL RAWAT,BHARATIYA JANATA PARTY,TARACHAND MEENA,INDIAN NATIONAL CONGRESS,261608,Result Declared
UDHAMPUR,4,DR JITENDRA SINGH,BHARATIYA JANATA PARTY,CH LAL SINGH,INDIAN NATIONAL CONGRESS,124373,Result Declared
UJJAIN,22,ANIL FIROJIYA,BHARATIYA JANATA PARTY,MAHESH PARMAR,INDIAN NATIONAL CONGRESS,375860,Result Declared
UDUPI CHIKMAGALUR,15,KOTA SRINIVAS POOJARY,BHARATIYA JANATA PARTY,K. JAYAPRAKASH HEGDE,INDIAN NATIONAL CONGRESS,259175,Result Declared
UJIARPUR,22,NITYANAND RAI,BHARATIYA JANATA PARTY,ALOK KUMAR MEHTA,RASHTRIYA JANATA DAL,60102,Result Declared
ULUBERIA,26,SAJDA AHMED,ALL INDIA TRINAMOOL CONGRESS,ARUNUDAY PAULCHOWDHURY,BHARATIYA JANATA PARTY,218673,Result Declared
UNNAO,33,SWAMI SACHCHIDANAND HARI SAKSHI,BHARATIYA JANATA PARTY,ANNU TANDON,SAMAJWADI PARTY,35818,Result Declared
UTTARA KANNADA,12,VISHWESHWAR HEGDE KAGERI,BHARATIYA JANATA PARTY,DR. ANJALI NIMBALKAR,INDIAN NATIONAL CONGRESS,337428,Result Declared
VELLORE,8,DM KATHIR ANAND,DRAVIDA MUNNETRA KAZHAGAM,AC SHANMUGAM,BHARATIYA JANATA PARTY,215702,Result Declared
VIDISHA,18,SHIVRAJ SINGH CHOUHAN,BHARATIYA JANATA PARTY,PRATAPBHANU SHARMA,INDIAN NATIONAL CONGRESS,821408,Result Declared
VILUPPURAM,13,RAVIKUMAR. D,VIDUTHALAI CHIRUTHAIGAL KATCH,BHAGYARAJ. J,ALL INDIA ANNA DRAVIDA MUNNETRA KAZHAGAM,70703,Result Declared
VIRUDHUNAGAR,34,MANICKAM TAGORE B,INDIAN NATIONAL CONGRESS,VIJAYAPRABHAKARAN V,DESIYA MURPOKKU DRAVIDA KAZHAGAM,4379,Result Declared
VADAKARA,3,SHAFI PARAMBIL,INDIAN NATIONAL CONGRESS,K K SHAILAJA TEACHER,COMMUNIST PARTY OF INDIA (MARXIST),114506,Result Declared
VADODARA,20,DR. HEMANG JOSHI,BHARATIYA JANATA PARTY,PADHIYAR JASHPALSINH MAHENDRASINH (BAPU),INDIAN NATIONAL CONGRESS,582126,Result Declared
VAISHALI,16,VEENA DEVI,LOK JANSHAKTI PARTY(RAM VILAS),VIJAY KUMAR SHUKLA,RASHTRIYA JANATA DAL,89634,Result Declared
VALMIKI NAGAR,1,SUNIL KUMAR,JANATA DAL (UNITED),DEEPAK YADAV,RASHTRIYA JANATA DAL,98675,Result Declared
VALSAD,26,DHAVAL LAXMANBHAI PATEL,BHARATIYA JANATA PARTY,ANANTKUMAR HASMUKHBHAI PATEL,INDIAN NATIONAL CONGRESS,210704,Result Declared
VARANASI,77,NARENDRA MODI,BHARATIYA JANATA PARTY,AJAY RAI,INDIAN NATIONAL CONGRESS,152513,Result Declared
VIJAYAWADA,12,KESINENI SIVANATH (CHINNI),TELUGU DESAM,KESINENI SRINIVAS (NANI),YUVAJANA SRAMIKA RYTHU CONGRESS PARTY,282085,Result Declared
VISAKHAPATNAM,4,SRIBHARAT MATHUKUMILI,TELUGU DESAM,JHANSI LAKSHMI. BOTCHA.,YUVAJANA SRAMIKA RYTHU CONGRESS PARTY,504247,Result Declared
VIZIANAGARAM,3,APPALANAIDU KALISETTI,TELUGU DESAM,BELLANA CHANDRASEKHAR,YUVAJANA SRAMIKA RYTHU CONGRESS PARTY,249351,Result Declared
WARANGAL,15,KADIYAM KAVYA,INDIAN NATIONAL CONGRESS,AROORI RAMESH,BHARATIYA JANATA PARTY,220339,Result Declared
WARDHA,8,AMAR SHARADRAO KALE,NATIONALIST CONGRESS PARTY – SHARADCHANDRA PAWAR,RAMDAS CHANDRABHAN TADAS,BHARATIYA JANATA PARTY,81648,Result Declared
WAYANAD,4,RAHUL GANDHI,INDIAN NATIONAL CONGRESS,ANNIE RAJA,COMMUNIST PARTY OF INDIA,364422,Result Declared
WEST DELHI,6,KAMALJEET SEHRAWAT,BHARATIYA JANATA PARTY,MAHABAL MISHRA,AAM AADMI PARTY,199013,Result Declared
YAVATMAL- WASHIM,14,SANJAY UTTAMRAO DESHMUKH,SHIV SENA (UDDHAV BALASAHEB THACKREY),RAJSHRITAI HEMANT PATIL (MAHALLE),SHIV SENA,94473,Result Declared
ZAHIRABAD,5,SURESH KUMAR SHETKAR,INDIAN NATIONAL CONGRESS,B. B. PATIL,BHARATIYA JANATA PARTY,46188,Result Declared
